,Property Name,Borough,yb,ppt,Property Type,Occupancy,seui,ngu,eu,tge,wu
22,"staten island kitchen cabinets mfg, inc",Staten Island,2009,Other,Other,100,47.1,618359.3,1031756.7,124.3,27.1
117,3075 Richmond Terrace,Staten Island,1912,Non-Refrigerated Warehouse,Industrial,100,15.3,142413.1,260139.1,30.6,86.8
118,3015 Richmond Terrace,Staten Island,1931,Distribution Center,Other,100,365.9615532989144,24384312.42738699,5425836.0760790175,3694.476402518561,16217.966089617938
156,1000 Targee Street Mgmt. LLC,Staten Island,1972,Multifamily Housing,Multifamily,95,127.4,4252218.4,1590595.4,366.9,5546.8
177,port richmond,Staten Island,1938,Other - Education,Other,100,237.3,3829431.9,2422321.9,418.2,102632.7
198,sml realty llc,Staten Island,1989,Distribution Center,Other,100,48.7,523756.3,283837.5,53.0,77.7
473,500 Seaview Avenue,Staten Island,1987,Office,Office,100,58.8,24384312.42738699,935718.1,83.0,394.9
499,0690-Staten Island - Arden Ave.,Staten Island,2009,Self-Storage Facility,Other,100,36.9,320900.0,887505.6,95.7,61.0
677,Sisters of St. John the Baptist Inc. 8 Narrows,Staten Island,1920,Fitness Center/Health Club/Gym,Other,100,110.7,1133900.0,502368.4,104.8,47.0
678,St Johns Villa Academy 25 Landis,Staten Island,1920,K-12 School,SpecialPurpose,100,201.8,1073600.0,1576707.9,344.3,459.1
760,NYW-420 Teleport B,Staten Island,1980,Data Center,Other,100,111.5,24384312.42738699,2346126.1,208.0,62.2
1083,60 Bay Street Office,Staten Island,1970,Office,Office,100,201.1,5557690.1,4854045.1,725.6,1543.9
1108,Manor Road Allied Shopping Center,Staten Island,1964,Mixed Use Property,Other,100,225.6,215151.5,4616080.1,420.7,2892.5
1349,"Ss Cosmas and Damian Human Services Center, Inc.",Staten Island,1973,Senior Care Community,Other,100,188.6,6656081.0,2244343.3,552.5,16217.966089617938
1356,350 St Marks Place - 43779,Staten Island,1964,Office,Office,100,191.8,1789831.1,3260326.0,409.7,1115.3
1372,PARISI BAY STREET LLC,Staten Island,1986,Supermarket/Grocery Store,Other,100,834.5,24384312.42738699,8105597.8,718.6,924.6
1412,21810-Staten Island / North Stream,Staten Island,1997,Distribution Center,Other,100,27.8,427500.0,462380.6,63.7,63.0
1415,25598-Staten Island / Veterans RD W.,Staten Island,2005,Distribution Center,Other,100,35.8,559900.0,527979.7,76.5,24.0
1472,4181-Staten Island Mall,Staten Island,1973,Enclosed Mall,Other,100,330.8,12972399.6,60454948.4,6048.9,7513.0
1491,20 Cliff St.,Staten Island,1964,Multifamily Housing,Multifamily,100,91.3,7294281.3,1824508.2,549.2,3574.2
1492,Gateway Arms Apartments,Staten Island,1965,Multifamily Housing,Multifamily,100,141.7,6267969.9,1379601.3,455.2,2800.0
1493,Highview Condo,Staten Island,1981,Multifamily Housing,Multifamily,100,142.7,4061159.4,1204690.4,322.5,2660.4
1494,Harbor Garden Apartments,Staten Island,1924,Multifamily Housing,Multifamily,100,122.8,9073724.6,1697420.8,632.4,5608.9
1495,Colonial Condo,Staten Island,1937,Multifamily Housing,Multifamily,100,133.7,4533438.9,678371.0,300.9,1424.8
1496,Skyline Terrace Coop,Staten Island,1960,Multifamily Housing,Multifamily,100,81.1,7173839.9,1110037.3,479.5,3387.9
1709,St. Joseph Hill Academy,Staten Island,1913,K-12 School,SpecialPurpose,100,86.1,6022499.8,2761027.9,564.7,2135.7
1710,St. Joseph Hill Convent,Staten Island,1913,Residence Hall/Dormitory,Other,100,86.1,6022499.8,2761027.9,564.7,2135.7
1975,Eger Harbor House,Staten Island,2005,Senior Care Community,Other,100,199.1,3948868.8,2094214.0,395.4,1835.3
1996,10782-Staten Island,Staten Island,2004,Retail Store,Retail,100,127.3,207000.0,3503492.4,332.2,1236.3
2198,155 PROSPECT AVENUE - 36389,Staten Island,1930,Multifamily Housing,Multifamily,100,120.6,2138712.8,300305.9,140.2,1628.1
2214,1957 RICHMOND TERRACE - 40080,Staten Island,2008,Non-Refrigerated Warehouse,Industrial,100,29.5,24384312.42738699,827648.2,73.4,16217.966089617938
2233,755 Narrows Road North,Staten Island,1987,Multifamily Housing,Multifamily,100,115.2,3822275.2,1913609.9,372.7,3737.3
2300,Staten Island - Broadway,Staten Island,1957,Other - Recreation,Other,100,227.7,2532900.1,2488576.3,355.2,16217.966089617938
2301,Staten Island - South Shore,Staten Island,1994,Other - Entertainment/Public Assembly,Other,100,239.1,3569100.1,3794144.0,526.0,16217.966089617938
2316,NY3-011 Teleport A,Staten Island,1980,Data Center,Other,100,2231.4,24384312.42738699,95016908.6,8469.7,12778.4
2627,ConEd Davis HQ,Staten Island,1925,Office,Office,100,282.3,3395499.9,5027663.6,626.1,16217.966089617938
2663,Regal Estates LLC A,Staten Island,1925,Other,Other,100,7.9,24384312.42738699,530382.6,47.0,16217.966089617938
2676,Forest Mall,Staten Island,1981,Other - Mall,Other,100,460.2,5096169.8,14165672.6,1526.6,16217.966089617938
2893,1050 Clove Road,Staten Island,1987,Urgent Care/Clinic/Other Outpatient,Other,95,389.1,2109399.8,5986013.2,642.8,1329.3
2915,4771 Hylan Boulevard,Staten Island,1985,Urgent Care/Clinic/Other Outpatient,Other,80,306.2,2073100.1,3577413.8,427.3,1092.2
3056,ADCO - 201 Edward Curry Avenue,Staten Island,2002,Office,Office,100,181.9,1616210.3,3849811.3,427.2,16217.966089617938
3224,364 Bay Street,Staten Island,2014,Strip Mall,Other,95,75.6,24384312.42738699,1587870.3,140.8,425.0
3253,Shoprite,Staten Island,1986,Supermarket/Grocery Store,Other,100,820.9,6223711.6,12036723.0,1397.7,2257.0
3254,FORREST & RICHMOND,Staten Island,2007,Supermarket/Grocery Store,Other,100,603.0,7130490.6,9330679.6,1206.0,2201.7
3255,Mannix Family Markets,Staten Island,2016,Supermarket/Grocery Store,Other,100,671.7,6488610.3,12724511.6,1472.8,1826.0
3276,4343 Amboy Rd.,Staten Island,1976,Other,Other,100,435.5,11484599.6,4772001.9,1033.1,16217.966089617938
3277,LA Fitness,Staten Island,1986,Other,Other,100,215.6,2325766.7,2765457.0,368.7,16217.966089617938
3311,(71007A) Staten Island Macy's - CB,Staten Island,1972,Retail Store,Retail,100,198.4,22673668.8,9578393.5,2053.5,4582.6
3352,Eger Health Care & Rehabilitation Center,Staten Island,1993,Senior Care Community,Other,100,317.9,22617762.7,13797118.0,2424.6,10296.2
3539,Moore Catholic High School,Staten Island,1963,K-12 School,SpecialPurpose,100,88.3,218396.8,889845.3,324.1,16217.966089617938
3673,Charter Communications,Staten Island,1964,Office,Office,90,297.6,1297232.1,4441848.9,462.7,911.5
3680,STATEN ISLAND STADIUM 16,Staten Island,2000,Movie Theater,Other,100,254.2,2194799.9,4932554.6,553.9,1634.0
3834,Hilton Garden Inn,Staten Island,2001,Hotel,Hotel,100,289.4,15166423.9,11977143.7,1867.4,10308.2
3835,Hampton Inn & Suites,Staten Island,2006,Hotel,Hotel,100,150.0,1050297.6,3189909.9,338.6,3222.6
3836,Nicotra 1110,Staten Island,2002,Office,Office,100,188.4,2936133.0,3992381.6,509.9,706.9
3837,Nicotra 1200,Staten Island,1997,Office,Office,100,149.8,346812.8,3572467.3,335.2,677.7
3838,Nicotra 900,Staten Island,1998,Office,Office,100,195.7,1319970.0,4309231.8,452.2,472.8
3839,"961 Victory Boulevard, Staten Island",Staten Island,1965,Multifamily Housing,Multifamily,100,120.5,526826.1,1642164.4,852.1,8004.9
3840,"937 Victory Boulevard, Staten Island",Staten Island,1965,Multifamily Housing,Multifamily,100,125.8,477552.6,1742908.3,887.2,6908.0
4114,Lakeside Manor,Staten Island,1973,Senior Care Community,Other,100,266.8,2151547.3,2942892.8,375.2,6727.2
4165,(5646) - The Fountains (2),Staten Island,1967,Multifamily Housing,Multifamily,100,161.4,11285865.7,2781414.0,846.0,6198.4
4236,B.S.L. One Owners Corp.,Staten Island,1984,Multifamily Housing,Multifamily,100,29.8,24384312.42738699,2588085.4,229.5,16217.966089617938
4441,Carmel Richmond HC & RC,Staten Island,1972,Other,Other,100,320.2,18125306.8,11273511.8,1962.2,1470767.9
4448,Monsignor Farrell High School,Staten Island,1961,K-12 School,SpecialPurpose,100,37.8,474269.5,1748019.3,558.1,16217.966089617938
4640,1624,Staten Island,1973,Retail Store,Retail,100,365.9615532989144,24384312.42738699,5425836.0760790175,3694.476402518561,16217.966089617938
5050,LL84 Wagner College - Union,Staten Island,1967,Residence Hall/Dormitory,Other,100,125.1,1615863.2,2335130.9,292.9,16217.966089617938
5070,Forest Avenue S.C.,Staten Island,1957,Retail Store,Retail,100,174.0,2865100.0,10036991.0,1042.1,16217.966089617938
5072,Richmond S.C.,Staten Island,1962,Retail Store,Retail,100,120.3,5797899.9,8067735.3,1023.2,16217.966089617938
5073,Greenridge Plaza,Staten Island,1974,Retail Store,Retail,100,169.7,7670087.3,2890888.7,663.7,16217.966089617938
5074,"The Boulevard, formerly known as Hylan Plaza",Staten Island,1974,Retail Store,Retail,95,49.0,24384312.42738699,5731116.1,508.1,16217.966089617938
5075,Forest Ave Plaza,Staten Island,1971,Retail Store,Retail,100,81.5,803061.3,1459350.4,172.0,307.2
5093,Victory Fiedler,Staten Island,2013,Multifamily Housing,Multifamily,100,100.2,1634848.0,516038.4,132.6,991.6
5111,"Pratt Paper NY, Inc.",Staten Island,1996,Manufacturing/Industrial Plant,Other,100,503.7,18930725.3,46160947.9,5098.1,16217.966089617938
5112,"Staten Island Corrugator, LLC",Staten Island,2008,Manufacturing/Industrial Plant,Other,100,320.9,1950426.1,10727327.9,1054.7,16217.966089617938
5321,80 Richmond Hill Rd.,Staten Island,1988,Multifamily Housing,Multifamily,100,158.7,12710220.5,4806721.3,1101.3,13535.3
5382,St Johns Villa Academy 25 Landis,Staten Island,1955,K-12 School,SpecialPurpose,100,201.8,1073600.0,1576707.9,344.3,459.1
5578,"UPS, 1331 Travis Avenue",Staten Island,1989,Non-Refrigerated Warehouse,Industrial,100,261.4,3855200.1,1778176.4,362.4,231.6
5593,220 Osgood Avenue,Staten Island,1973,Multifamily Housing,Multifamily,100,193.2,8354116.6,1894857.8,611.7,2341.0
5619,Seaview Estates,Staten Island,1929,Multifamily Housing,Multifamily,100,139.9,20537864.8,4213107.2,1464.4,16853.3
5855,St. Peter's Boys High School,Staten Island,1936,K-12 School,SpecialPurpose,100,102.9,2777999.6,1135377.1,248.2,16217.966089617938
5898,#6150 Staten Island East,Staten Island,2002,Retail Store,Retail,100,219.0,4047042.5,4150274.2,582.9,842.2
5907,#1249 Staten Island,Staten Island,1997,Retail Store,Retail,100,200.7,3303957.2,6736253.2,772.7,1080.2
5911,#1281 STATEN ISLAND,Staten Island,2006,Retail Store,Retail,100,52.1,2967443.9,1438721.1,285.2,854.6
5942,(4644) - The Fountains (1),Staten Island,1966,Multifamily Housing,Multifamily,100,190.9,14373958.5,2945111.4,1024.6,16217.966089617938
5987,801 Narrows Road North,Staten Island,2005,Multifamily Housing,Multifamily,100,231.2,1591269.8,4125252.5,450.3,4652.0
6432,501 Seaview MOB,Staten Island,2006,Medical Office,Office,100,228.1,2846258.0,2604190.9,382.1,886.4
6659,Belmont & Daniel Low,Staten Island,1966,Multifamily Housing,Multifamily,100,134.0,731600.0,1439720.7,1023.6,16217.966089617938
6676,Sisters of St. John the Baptist Inc. 57 Cleveland,Staten Island,1920,Worship Facility,Other,100,149.9,2256400.0,4116929.9,763.6,1494.0
6677,Sisters of St. John the Baptist Inc. 8 Narrows,Staten Island,1984,Fitness Center/Health Club/Gym,Other,100,201.3,1133900.0,502368.4,104.8,47.0
6678,Sisters of St. John the Baptist Inc. 57 Cleveland Chapel,Staten Island,1937,Worship Facility,Other,70,42.5,24384312.42738699,267740.7,23.7,497.3
6679,57 Cleveland Place Building A,Staten Island,1920,Worship Facility,Other,75,19.3,48900.0,67097.7,8.5,490.6
6693,100 Greaves,Staten Island,2001,Supermarket/Grocery Store,Other,100,441.2,4139188.8,6625059.9,807.2,1033.9
6694,"STATEN ISLAND, NY-2463",Staten Island,1994,Retail Store,Retail,100,169.8,1781001.0,9094026.3,900.9,970.6
6777,ACS - 5004830 - Childrens Aide Society Inc. (LL84),Staten Island,1972,Pre-school/Daycare,SpecialPurpose,100,143.2,331300.0,1015411.2,107.6,16217.966089617938
6779,DCASNA - 5000089 - Richmond Health Center (LL84),Staten Island,1937,Urgent Care/Clinic/Other Outpatient,Other,100,92.0,2577100.0,308717.8,164.3,16217.966089617938
6795,CUNY-S - 5107301 - CSI Campus: Library Cyber Cafe (LL84),Staten Island,1993,Library,Other,100,408.4,1544054.9,14862548.8,1399.7,16217.966089617938
6833,DOT - 5104536 - Castleton Depot (LL84),Staten Island,1980,"Repair Services (Vehicle, Shoe, Locksmith, etc.)",Other,100,100.2,3184800.2,581404.8,220.7,16217.966089617938
6845,CUNY-S - 5107294 - CSI Campus: Business Building (LL84),Staten Island,1942,College/University,Other,100,140.2,6464329.2,5425836.0760790175,343.4,16217.966089617938
6868,NYPD - 5106476 - 120th Precinct (LL84),Staten Island,1922,Police Station,Other,100,492.8,1878600.0,1748854.7,269.1,16217.966089617938
6878,CIG - 5000088 - Staten Island Museum (LL84),Staten Island,1918,Museum,Other,100,96.2,348900.0,282377.1,43.6,16217.966089617938
6886,DPR - 5107273 - Greenbelt Recreation Center (LL84),Staten Island,1931,Other - Recreation,Other,100,232.7,718400.0,916004.5,119.4,16217.966089617938
6902,R018-0500085,Staten Island,1960,K-12 School,SpecialPurpose,100,100.7,3699699.9,2113665.7,383.9,16217.966089617938
6903,R023-0500342,Staten Island,1964,K-12 School,SpecialPurpose,100,92.0,2870000.1,1366710.7,273.6,16217.966089617938
6909,R455-0500094,Staten Island,1972,K-12 School,SpecialPurpose,100,79.3,196400.0,7519093.0,1826.7,16217.966089617938
6940,R075-0500323,Staten Island,1983,K-12 School,SpecialPurpose,100,90.2,79800.0,2863350.5,881.0,16217.966089617938
6975,R007-0500032,Staten Island,1964,K-12 School,SpecialPurpose,100,67.6,159700.0,1969133.4,676.5,16217.966089617938
6994,R026-0500049,Staten Island,1940,K-12 School,SpecialPurpose,100,99.9,1179700.0,675985.4,122.6,16217.966089617938
6995,R057-0500092,Staten Island,1975,K-12 School,SpecialPurpose,100,83.1,3546299.9,2180950.4,397.1,16217.966089617938
7002,R069-0500099,Staten Island,1976,K-12 School,SpecialPurpose,100,83.0,3078099.8,1847939.2,327.3,16217.966089617938
7019,R844-0500059,Staten Island,1973,K-12 School,SpecialPurpose,100,92.5,1033200.0,305169.3,81.9,16217.966089617938
7020,"R460, R462-0500088",Staten Island,1930,K-12 School,SpecialPurpose,100,88.3,902900.0,7496163.9,1565.1,16217.966089617938
7036,R059-0500563,Staten Island,2013,K-12 School,SpecialPurpose,100,115.3,1529399.9,1291100.8,195.7,16217.966089617938
7039,R848-0500065,Staten Island,1926,K-12 School,SpecialPurpose,100,82.4,1149000.0,284151.4,99.5,16217.966089617938
7041,R027-0500050,Staten Island,1963,K-12 School,SpecialPurpose,100,62.1,85200.0,1684982.2,643.1,16217.966089617938
7075,CUNY-S - 5107303 - CSI Campus: English Modern Languages (LL84),Staten Island,1942,College/University,Other,100,408.7,530578.0,5107170.6,481.0,16217.966089617938
7101,R044-0500067,Staten Island,1927,K-12 School,SpecialPurpose,100,111.7,4766499.8,2552176.0,479.4,16217.966089617938
7116,CUNY-S - 5131067 - CSI Campus: Physical Therapy (LL84),Staten Island,1942,College/University,Other,100,140.2,5944029.5,5425836.0760790175,315.7,16217.966089617938
7117,CUNY-S - 5107298 - CSI Campus: South Administration Building (LL84),Staten Island,1994,College/University,Other,100,408.2,999274.0,9618666.9,905.9,16217.966089617938
7165,CUNY-S - 5130987 - CSI Campus: Marcus Hall - Nursing (LL84),Staten Island,1942,College/University,Other,100,408.3,581304.0,5595427.7,527.0,16217.966089617938
7169,NYPL - 5060744 - Richmondtown Branch Library (LL84),Staten Island,1965,Library,Other,100,209.5,610000.0,762104.3,100.0,16217.966089617938
7174,CIG - c126002 - Staten Island Historical Society Campus (LL84),Staten Island,1848,Other - Entertainment/Public Assembly,Other,100,45.3,2816299.9,878511.5,227.5,16217.966089617938
7176,CUNY-S - 5107299 - CSI Campus: North Administration Building (LL84),Staten Island,1942,College/University,Other,100,408.3,1054056.0,10145984.6,955.5,16217.966089617938
7182,CIG - c126008 - Snug Harbor Campus (LL84),Staten Island,1873,Other - Entertainment/Public Assembly,Other,100,167.7,20495298.8,11996707.8,2152.2,16217.966089617938
7188,NYPD - 5165197 - 121st Precinct (LL84),Staten Island,2013,Police Station,Other,100,380.9,2384900.1,5122094.0,580.8,16217.966089617938
7190,DEP - c826008 - Oakwood Beach WPCP Campus (LL84),Staten Island,1956,Wastewater Treatment Plant,Other,100,323.2,13924300.0,72027152.6,7134.7,16217.966089617938
7218,R013-0500296,Staten Island,1981,K-12 School,SpecialPurpose,100,122.1,2074899.7,2032187.2,290.4,16217.966089617938
7245,R840-0500098,Staten Island,1975,K-12 School,SpecialPurpose,100,107.9,5400.0,1839272.7,275.1,16217.966089617938
7292,R022-0500045,Staten Island,1932,K-12 School,SpecialPurpose,100,114.9,4710299.5,2686608.7,508.9,16217.966089617938
7301,R843-0500056,Staten Island,1973,K-12 School,SpecialPurpose,100,175.6,24384312.42738699,805279.8,71.4,16217.966089617938
7340,R071-0500564,Staten Island,2013,K-12 School,SpecialPurpose,100,150.9,2813699.9,4397385.6,539.3,16217.966089617938
7407,FDNY - 5112427 - Staten Island Central Office (LL84),Staten Island,1931,Other - Public Services,Other,100,1244.4,24384312.42738699,4824567.3,427.7,16217.966089617938
7422,CUNY-S - 5107304 - CSI Campus: Education Building (LL84),Staten Island,1942,College/University,Other,100,408.6,633040.0,6093449.6,573.9,16217.966089617938
7424,DPR - 5112422 - Clove Lake Garage and Shops (LL84),Staten Island,1931,"Repair Services (Vehicle, Shoe, Locksmith, etc.)",Other,100,251.6,2071900.0,494143.6,185.0,16217.966089617938
7425,DCAS - 5014078 - Staten Island Criminal Court (LL84),Staten Island,1931,Courthouse,Other,100,109.6,690600.0,576218.6,87.8,16217.966089617938
7431,R024-0500089,Staten Island,1971,K-12 School,SpecialPurpose,100,75.4,132900.0,2471652.8,799.7,16217.966089617938
7437,DSNY - 5106487 - Staten Island 1 District Garage (LL84),Staten Island,1950,"Repair Services (Vehicle, Shoe, Locksmith, etc.)",Other,100,200.1,14988900.8,2153108.4,1017.7,16217.966089617938
7458,NYPD - 5107580 - 122nd Precinct (LL84),Staten Island,1962,Police Station,Other,100,244.6,3779100.1,2879727.9,456.0,16217.966089617938
7488,DPR - 5159404 - Ocean Breeze Indoor Athletic Facility (LL84),Staten Island,2012,Fitness Center/Health Club/Gym,Other,100,308.1,5478199.7,11368784.1,1298.9,16217.966089617938
7504,R039-0500062,Staten Island,1931,K-12 School,SpecialPurpose,100,108.5,2264999.9,1027694.4,211.4,16217.966089617938
7505,"R052-P.S. 52, Staten Island (0500086)",Staten Island,1965,K-12 School,SpecialPurpose,100,105.2,1042000.1,2089508.8,336.5,16217.966089617938
7513,CUNY-S - 5107295 - CSI Campus: Engineering Technology - West (LL84),Staten Island,1942,College/University,Other,100,140.1,5944029.5,5425836.0760790175,315.7,16217.966089617938
7545,R021-0500044,Staten Island,1931,K-12 School,SpecialPurpose,100,92.0,1162300.0,809053.5,133.5,16217.966089617938
7546,R035-0500058,Staten Island,1954,K-12 School,SpecialPurpose,100,113.8,138500.0,739721.6,154.9,16217.966089617938
7557,R038-0500061,Staten Island,1955,K-12 School,SpecialPurpose,100,73.4,645400.0,756853.2,178.2,16217.966089617938
7599,R043-0500481,Staten Island,2008,K-12 School,SpecialPurpose,100,284.5,5054699.8,15906744.0,1678.8,16217.966089617938
7627,R004-0500318,Staten Island,1896,K-12 School,SpecialPurpose,100,63.5,25600.0,2302417.6,421.4,16217.966089617938
7658,"R450, R453 (Addition)-0500078",Staten Island,1904,K-12 School,SpecialPurpose,100,121.2,708600.0,4933069.3,1641.1,16217.966089617938
7675,DCAS - 5000085 - 130 Stuyvesant Place Office (LL84),Staten Island,1995,Office,Office,100,223.7,8549300.1,7847599.8,1149.9,16217.966089617938
7689,DCAS - 5000064 - Staten Island BH Campus: Staten Island Supreme Court (LL84),Staten Island,1919,Courthouse,Other,100,304.5,1824291.1,1322491.2,249.3,16217.966089617938
7703,CUNY-S - 5107302 - CSI Campus: Mathematics Building (LL84),Staten Island,1942,College/University,Other,100,408.3,580287.0,5585662.4,526.0,16217.966089617938
7705,DOT - 5013187 - DOT Sign Shop (LL84),Staten Island,1952,"Repair Services (Vehicle, Shoe, Locksmith, etc.)",Other,100,97.9,918200.0,102319.1,57.8,16217.966089617938
7726,CUNY-S - 5107300 - CSI Campus: West Administration Building (LL84),Staten Island,1942,College/University,Other,100,405.5,247536.0,2382695.2,224.4,16217.966089617938
7729,DCAS - 5004530 - Staten Island Civil Court (LL84),Staten Island,1929,Courthouse,Other,100,230.5,1220100.1,780938.6,134.0,16217.966089617938
7733,DSNY - 5000000 - Plant 1: Tractor Shops (LL84),Staten Island,1970,"Repair Services (Vehicle, Shoe, Locksmith, etc.)",Other,100,226.9,24384312.42738699,2963816.7,831.3,16217.966089617938
7746,DSNY - 5130986 - Staten Island 3 District Garage (LL84),Staten Island,1969,"Repair Services (Vehicle, Shoe, Locksmith, etc.)",Other,100,89.4,24384312.42738699,1474846.7,283.4,16217.966089617938
7777,DEP - c826010 - Port Richmond WPCP Campus (LL84),Staten Island,1953,Wastewater Treatment Plant,Other,100,797.3,1255500.0,90516859.8,8116.8,16217.966089617938
7803,R722-0500027,Staten Island,1976,K-12 School,SpecialPurpose,100,111.3,100.0,1898436.9,297.3,16217.966089617938
7815,R034-0500082,Staten Island,1936,K-12 School,SpecialPurpose,100,105.6,312800.0,2224624.0,680.2,16217.966089617938
7824,R032-0500055,Staten Island,1968,K-12 School,SpecialPurpose,100,71.4,301200.0,1455695.7,368.1,16217.966089617938
7856,R600-0500083,Staten Island,1935,K-12 School,SpecialPurpose,100,88.4,5703699.7,2849702.4,596.6,16217.966089617938
7857,R050-0500072,Staten Island,1957,K-12 School,SpecialPurpose,100,69.5,2780300.2,1277452.8,260.9,16217.966089617938
7868,R825-0500324,Staten Island,1958,K-12 School,SpecialPurpose,100,23.9,127800.0,5425836.0760790175,235.4,16217.966089617938
7873,R001-0500028,Staten Island,1935,K-12 School,SpecialPurpose,100,98.5,2836799.9,1198294.4,282.5,16217.966089617938
7914,R066-0500587,Staten Island,1973,K-12 School,SpecialPurpose,100,217.1,2534599.7,2090873.6,320.0,16217.966089617938
7930,R036-0500096,Staten Island,1974,K-12 School,SpecialPurpose,100,87.9,3031999.7,1776150.8,318.5,16217.966089617938
7994,R031-0500054,Staten Island,1965,K-12 School,SpecialPurpose,100,86.0,324600.0,1018686.7,437.3,16217.966089617938
8003,R045-0500068,Staten Island,1930,K-12 School,SpecialPurpose,100,123.5,4030900.1,1959852.9,420.5,16217.966089617938
8005,CUNY-S - 5107297 - CSI Campus: Center for the Arts (LL84),Staten Island,1993,College/University,Other,100,408.3,1895066.0,18241288.6,1717.9,16217.966089617938
8019,DPR - 5112428 - Staten Island War Memorial Ice Rink (LL84),Staten Island,1931,Ice/Curling Rink,Other,100,878.5,1785900.1,3879307.6,438.8,16217.966089617938
8051,DCAS - 5151735 - Richmond County Supreme Court (LL84),Staten Island,2015,Courthouse,Other,100,143.7,7751999.8,5607188.5,939.4,16217.966089617938
8059,NYPL - 5052750 - New Dorp Branch Library (LL84),Staten Island,1971,Library,Other,100,210.3,508300.0,633813.1,83.2,16217.966089617938
8072,DPR - 5151793 - Ocean Breeze Indoor Horseback Riding Facility (LL84),Staten Island,2016,Other - Recreation,Other,100,50.7,137200.0,157716.3,21.3,16217.966089617938
8075,R072-0500100,Staten Island,1975,K-12 School,SpecialPurpose,100,75.5,400.0,3567587.4,657.5,16217.966089617938
8077,R046-0500069,Staten Island,1931,K-12 School,SpecialPurpose,100,56.4,1906400.1,749684.6,210.7,16217.966089617938
8087,R058-0500442,Staten Island,2001,K-12 School,SpecialPurpose,100,183.9,4776800.0,4675804.7,668.3,16217.966089617938
8093,R861-0500074,Staten Island,2007,K-12 School,SpecialPurpose,100,192.9,2201100.1,5894571.4,639.5,16217.966089617938
8101,R053-0500076,Staten Island,1966,K-12 School,SpecialPurpose,100,97.4,13300.0,1246335.4,402.8,16217.966089617938
8109,R440-0500080,Staten Island,1936,K-12 School,SpecialPurpose,100,84.1,6716300.2,2826500.8,684.4,16217.966089617938
8120,R042-0500066,Staten Island,1968,K-12 School,SpecialPurpose,100,114.2,24384312.42738699,1220677.1,359.7,16217.966089617938
8131,R019-0500341,Staten Island,1930,K-12 School,SpecialPurpose,100,137.4,5085100.0,1406426.4,435.8,16217.966089617938
8138,DEP - 5106681 - R-2 Water and Sewer Maintenance Yard (LL84),Staten Island,1931,"Repair Services (Vehicle, Shoe, Locksmith, etc.)",Other,100,203.8,522000.0,604142.3,81.3,16217.966089617938
8146,R829-0500040,Staten Island,1897,K-12 School,SpecialPurpose,100,206.7,2008900.2,2369292.7,316.8,16217.966089617938
8147,R880-0500106,Staten Island,1967,K-12 School,SpecialPurpose,100,192.9,22832897.4,12188346.8,2329.7,16217.966089617938
8183,DPR - 5112436 - High Rock Park Buildings (LL84),Staten Island,1921,Other - Recreation,Other,100,88.2,24384312.42738699,284432.6,60.7,16217.966089617938
8200,R055-0500087,Staten Island,1966,K-12 School,SpecialPurpose,100,112.2,18200.0,1352243.9,479.0,16217.966089617938
8201,R025-0500095,Staten Island,1896,K-12 School,SpecialPurpose,100,95.8,300.0,425544.6,92.0,16217.966089617938
8211,DSNY - 5013317 - Staten Island Lot Cleaning (LL84),Staten Island,1931,"Repair Services (Vehicle, Shoe, Locksmith, etc.)",Other,100,39.2,221400.0,213113.5,54.2,16217.966089617938
8215,DPR - 5127019 - Greenbelt Native Plant Center (LL84),Staten Island,1940,Other - Recreation,Other,100,402.4,4479900.0,447122.1,277.6,16217.966089617938
8284,DOT - 5131766 - Ferry Maintenance Shop (LL84),Staten Island,1901,"Repair Services (Vehicle, Shoe, Locksmith, etc.)",Other,100,341.0,1426200.1,4765840.7,566.7,16217.966089617938
8300,FDNY - 5041882 - Engine Co. 154 Communications Garage (LL84),Staten Island,1972,Fire Station,Other,100,201.3,626000.0,478908.4,75.7,16217.966089617938
8311,CUNY-S - 5107289 - CSI Campus: Sports and Recreation Center (LL84),Staten Island,1993,College/University,Other,100,139.9,10476942.8,5425836.0760790175,556.5,16217.966089617938
8313,DSNY - 5158123 - Fresh Kills Landfill - Boro Repair Shop (LL84),Staten Island,1970,"Repair Services (Vehicle, Shoe, Locksmith, etc.)",Other,100,190.3,1629200.0,3895136.5,431.9,16217.966089617938
8334,R060-0500097,Staten Island,1974,K-12 School,SpecialPurpose,100,79.2,2610300.2,1808360.0,309.2,16217.966089617938
8336,CUNY-S - 5107291 - CSI Campus: Campus Center Cafeteria (LL84),Staten Island,1994,College/University,Other,100,140.1,9073711.8,5425836.0760790175,481.9,16217.966089617938
8350,NYPL - 5000030 - St. George Library Center (LL84),Staten Island,1907,Library,Other,100,155.4,707400.0,1002036.2,126.4,16217.966089617938
8375,NYPL - 5109138 - Mariner s Harbor Library (LL84),Staten Island,2013,Library,Other,100,233.2,24384312.42738699,750094.1,66.5,16217.966089617938
8380,R003-0500343,Staten Island,1958,K-12 School,SpecialPurpose,100,90.8,805500.0,1522297.9,326.1,16217.966089617938
8387,R040-0500063,Staten Island,1925,K-12 School,SpecialPurpose,100,167.4,1654600.0,1447233.9,286.9,16217.966089617938
8400,R030-0500053,Staten Island,1904,K-12 School,SpecialPurpose,100,91.6,4099200.1,1353881.6,355.6,16217.966089617938
8418,DCAS - 5000063 - Staten Island BH Campus: Staten Island Borough Hall (LL84),Staten Island,1904,Office,Office,100,220.7,6920233.8,2838784.0,752.7,16217.966089617938
8436,R831-0500041,Staten Island,1897,K-12 School,SpecialPurpose,100,171.5,3069600.1,751322.4,289.0,16217.966089617938
8443,CUNY-S - 5107293 - CSI Campus: History Pol Sci Econ and Philosophy (LL84),Staten Island,1942,College/University,Other,100,140.2,5944029.5,5425836.0760790175,315.7,16217.966089617938
8457,R062-P.S. 62 Kathleen Grimm School for Leadership & Sustainability (0500589),Staten Island,2015,K-12 School,SpecialPurpose,100,42.7,231300.0,382144.0,46.2,16217.966089617938
8467,R029-0500052,Staten Island,1931,K-12 School,SpecialPurpose,100,124.6,3739299.9,1702178.6,349.5,16217.966089617938
8468,R048-0500070,Staten Island,1930,K-12 School,SpecialPurpose,100,119.5,161700.0,629377.5,267.8,16217.966089617938
8469,R054-0500091,Staten Island,1950,K-12 School,SpecialPurpose,100,83.1,56300.0,1239579.6,368.4,16217.966089617938
8472,R056-0500415,Staten Island,1997,K-12 School,SpecialPurpose,100,156.0,4588599.8,4091670.2,616.7,16217.966089617938
8478,DOP - 5013302 - Department of Probation Offices (LL84) (Leased In),Staten Island,1975,Office,Office,100,166.8,705100.0,433624.3,75.9,16217.966089617938
8482,R082-0500594,Staten Island,1927,K-12 School,SpecialPurpose,100,365.9615532989144,24384312.42738699,5425836.0760790175,3694.476402518561,16217.966089617938
8517,DSNY - 5141714 - Staten Island Rail Transfer Station (LL84),Staten Island,2006,"Repair Services (Vehicle, Shoe, Locksmith, etc.)",Other,100,18.3,1414800.0,-6343.3,74.6,16217.966089617938
8518,CIG - c126006 - Staten Island Zoo Campus (LL84),Staten Island,1935,Zoo,Other,100,240.9,1229200.0,4730396.6,484.7,16217.966089617938
8526,DSNY - 5041599 - Staten Island 2 District Garage (LL84),Staten Island,1982,"Repair Services (Vehicle, Shoe, Locksmith, etc.)",Other,100,265.6,12605001.1,2551785.5,895.8,16217.966089617938
8574,R061-0500338,Staten Island,1970,K-12 School,SpecialPurpose,100,63.6,476600.0,2223259.2,643.6,16217.966089617938
8592,R041-0500064,Staten Island,1931,K-12 School,SpecialPurpose,100,111.4,253800.0,1149844.0,474.9,16217.966089617938
8600,HRA - 5013236 - MICSA APS Offices (LL84) (Leased In),Staten Island,1925,Office,Office,100,243.8,640000.0,864737.2,110.7,16217.966089617938
8601,R011-0500036,Staten Island,1931,K-12 School,SpecialPurpose,100,102.7,2535199.8,686085.0,195.5,16217.966089617938
8623,R049-0500075,Staten Island,1960,K-12 School,SpecialPurpose,100,79.0,234800.0,1721012.9,705.3,16217.966089617938
8630,CUNY-S - 5131066 - CSI Campus: Biological and Chemical Sciences (LL84),Staten Island,1993,College/University,Other,100,408.4,1497389.0,14413352.2,1357.4,16217.966089617938
8686,R801-0500325,Staten Island,1965,K-12 School,SpecialPurpose,100,93.5,24384312.42738699,361945.0,59.6,16217.966089617938
8721,DCAS - 5000090 - Staten Island Family Court (LL84),Staten Island,1931,Courthouse,Other,100,226.7,453700.0,599283.7,77.2,16217.966089617938
8742,DOT - 5141706 - St. George Ferry Terminal (LL84),Staten Island,2005,Transportation Terminal/Station,Other,100,645.2,17154799.9,19778682.1,2703.4,16217.966089617938
8751,CUNY-S - 5107288 - CSI Campus: Campus Services and Central Plant (LL84),Staten Island,1942,College/University,Other,100,140.1,11131262.5,5425836.0760790175,591.2,16217.966089617938
8761,"CUNY-S - 5107305 - CSI Campus: Psychology, Sociology, Anthropology (LL84)",Staten Island,1942,College/University,Other,100,408.6,582318.0,5605192.8,527.9,16217.966089617938
8765,DPR - 5106798 - Lyons Pool and Recreation Center (LL84),Staten Island,1931,Fitness Center/Health Club/Gym,Other,100,216.4,2384100.3,856979.9,202.6,16217.966089617938
8776,HHC - 5141697 - Sea View Robitzek Building (LL84),Staten Island,1973,Outpatient Rehabilitation/Physical Therapy,Other,100,105.1,32940798.7,15196998.9,3097.0,16217.966089617938
8801,DOT - 5005110 - 1893 Richmond Terrace (LL84) (Leased In),Staten Island,1936,"Repair Services (Vehicle, Shoe, Locksmith, etc.)",Other,100,186.2,3332699.7,1135240.6,277.7,16217.966089617938
8810,CUNY-S - 5107292 - CSI Campus: Computer Sci. Eng Sci and Physics (LL84),Staten Island,1942,College/University,Other,100,140.1,5967681.9,5425836.0760790175,317.0,16217.966089617938
8839,R020-0500043,Staten Island,1931,K-12 School,SpecialPurpose,100,159.2,218700.0,990844.8,264.3,16217.966089617938
8852,R006-0500432,Staten Island,1998,K-12 School,SpecialPurpose,100,175.4,3513699.8,5333638.3,659.5,16217.966089617938
8887,CUNY-S - 5107293 - CSI Campus: Warehouse (Vacant) (LL84),Staten Island,1942,Refrigerated Warehouse,Industrial,60,140.1,16554995.3,5425836.0760790175,879.3,16217.966089617938
8889,"FDNY - 5046179 - Engine Co. 160 and Rescue 5, Division 8 (LL84)",Staten Island,1931,Fire Station,Other,100,197.1,761900.0,573652.7,91.3,16217.966089617938
8907,FDNY - 5154879 - Engine Co. 168 (LL84),Staten Island,2002,Fire Station,Other,100,152.7,735000.0,707785.3,101.8,16217.966089617938
8949,R008-0500034,Staten Island,1956,K-12 School,SpecialPurpose,100,87.4,3377000.2,787489.6,269.7,16217.966089617938
8950,R002-0500060,Staten Island,1964,K-12 School,SpecialPurpose,100,55.1,4121000.1,1826102.3,380.8,16217.966089617938
8998,R016-0500033,Staten Island,1965,K-12 School,SpecialPurpose,100,88.6,24384312.42738699,1654956.5,485.1,16217.966089617938
9006,R014-0500039,Staten Island,1957,K-12 School,SpecialPurpose,100,98.9,3572000.0,1839750.4,352.8,16217.966089617938
9007,R051-0500073,Staten Island,1959,K-12 School,SpecialPurpose,100,55.7,5148499.7,1759500.1,429.5,16217.966089617938
9010,R435-0500302,Staten Island,1980,K-12 School,SpecialPurpose,100,104.0,75600.0,10377939.2,2388.3,16217.966089617938
9012,R005-0500031,Staten Island,1930,K-12 School,SpecialPurpose,100,89.4,1298500.0,745740.3,135.1,16217.966089617938
9015,R445-0500079,Staten Island,1927,K-12 School,SpecialPurpose,100,99.1,12564199.7,4697641.8,1142.2,16217.966089617938
9036,R470-0500037,Staten Island,1894,K-12 School,SpecialPurpose,100,80.4,1267400.0,407119.8,103.4,16217.966089617938
9209,St. Sylvester Church,Staten Island,1922,Other - Education,Other,100,23.1,535168.0,310816.6,56.0,285.4
9229,36 Richmond Terrace,Staten Island,1922,Office,Office,95,113.0,24384312.42738699,610344.0,122.9,202.0
9427,33 S&P REALTY CORP.,Staten Island,1923,Multifamily Housing,Multifamily,100,84.4,3675100.3,663220.7,282.7,2747.6
9433,7001 Amboy Road,Staten Island,1931,Retail Store,Retail,100,310.8,4871700.3,3582933.3,576.4,16217.966089617938
9515,2025 Richmond Ave,Staten Island,1988,Other,Other,100,252.8,302375.0,2381882.3,227.2,452.1
9516,150 Greaves,Staten Island,2003,Other,Other,100,410.1,587059.0,3173277.6,312.5,4060.5
9523,POONAM APARTMENTS LLC,Staten Island,1966,Multifamily Housing,Multifamily,100,97.9,18234702.8,6644029.0,1557.6,16166.0
9615,Jewish Foundation School,Staten Island,1987,K-12 School,SpecialPurpose,100,114.1,3836464.7,1023972.2,294.6,1734.1
9958,LL84 Wagner College - Union,Staten Island,1967,College/University,Other,100,32.8,1488709.2,256864.4,101.8,16217.966089617938
9959,LL84 Wagner College - 16 Buildings,Staten Island,1967,Mixed Use Property,Other,100,163.3,33043836.4,13680413.9,3632.4,7456.7
9960,LL84 Wagner College - Harborview,Staten Island,1968,Residence Hall/Dormitory,Other,100,21.2,4737.9,936175.2,83.3,289.5
9961,LL84 Wagner College - 3 Buildings,Staten Island,1968,College/University,Other,100,701.7,47813304.0,256864.4,2562.4,13038.5
9996,WEST BRIGHTON I,Staten Island,1962,Multifamily Housing,Multifamily,100,85.2,363763.6,14373069.3,1293.6,16217.966089617938
9997,WEST BRIGHTON II,Staten Island,1962,Multifamily Housing,Multifamily,100,129.1,562283.4,2858198.0,283.3,16217.966089617938
9998,WEST BRIGHTON I/WEST BRIGHTON II,Staten Island,1962,Multifamily Housing,Multifamily,100,99.6,57395299.0,5425836.0760790175,3073.6,16217.966089617938
9999,WEST BRIGHTON I/WEST BRIGHTON II CAMPUS,Staten Island,1962,Multifamily Housing,Multifamily,100,174.8,57957582.4,14373069.3,4377.8,16217.966089617938
10042,185-225 PARKHILL LLC,Staten Island,1970,Multifamily Housing,Multifamily,100,128.7,21514299.9,5612365.8,1640.3,9830.9
10043,KIMSO APARTMENTS LLC,Staten Island,1968,Multifamily Housing,Multifamily,100,131.9,34451302.6,6512884.3,2407.3,9417.3
10045,Pergament 2795,Staten Island,1986,Strip Mall,Other,100,336.5,5915811.7,36250276.3,3528.1,16217.966089617938
10089,60 hamilton avenue MPS,Staten Island,1965,Multifamily Housing,Multifamily,100,170.1,8490532.1,1246699.5,561.5,6085.4
10131,Church of the Sacred Heart,Staten Island,1902,Worship Facility,Other,100,139.8,1716945.7,5425836.0760790175,142.9,97.3
10132,Sacred Heart,Staten Island,1918,K-12 School,SpecialPurpose,100,131.2,1784966.5,5425836.0760790175,134.5,16217.966089617938
10133,Sacred Heart Convent,Staten Island,1960,Pre-school/Daycare,SpecialPurpose,100,93.4,422152.4,5425836.0760790175,33.7,16217.966089617938
10281,Costco #0316 Staten Island,Staten Island,1996,Wholesale Club/Supercenter,Other,100,594.9,10748715.4,19373750.2,2288.6,3271.3
10284,St. Christopher School,Staten Island,1966,K-12 School,SpecialPurpose,95,55.9,46700.0,311559.8,96.7,307.6
10386,Excel Bradshaw 556 Howard Avenue,Staten Island,1951,Multifamily Housing,Multifamily,100,77.2,5771225.6,1193606.6,407.6,4839.4
10387,Excel Bradshaw 50 Fort Place,Staten Island,1963,Multifamily Housing,Multifamily,90,99.0,9683600.0,1702071.0,658.5,5069.1
10461,harbor terrace,Staten Island,1975,Senior Care Community,Other,100,171.3,3669000.2,3096475.4,457.1,9259.1
10583,CO/GLC 34246/5180 AMBOY RD/STATEN ISLAND/NY,Staten Island,1957,Office,Office,100,621.0,24384312.42738699,10176672.7,885.4,1480.0
10586,CO/GLC 34310/355 FOREST AVE/STATEN ISLAND/NY,Staten Island,1948,Office,Office,100,808.3,20091799.9,14168401.5,2286.5,3094.0
10588,CO/GLC 34215/42 NEW DORP LN/STATEN ISLAND/NY,Staten Island,1954,Office,Office,100,999.4,24384312.42738699,10267711.4,869.6,7403.0
10654,200 Lafayette Avenue,Staten Island,1975,Office,Office,100,262.5,9899299.8,5098902.9,957.6,11142.1
10909,330 Tompkins Avenue,Staten Island,1899,Non-Refrigerated Warehouse,Industrial,100,49.9,5481100.1,1782439.4,442.1,16217.966089617938
10912,6390-6420 Amboy Road,Staten Island,1993,Supermarket/Grocery Store,Other,100,390.8,4148500.0,8917825.4,975.6,16217.966089617938
10981,Richmond Avenue,Staten Island,1998,Retail Store,Retail,100,197.4,1719185.9,4723435.9,491.3,1182.5
11036,1650 Richmond Avenue,Staten Island,1960,Retail Store,Retail,100,299.5,4554799.6,3200844.5,513.0,5048.0
11160,Dawning: 175 Zoe St,Staten Island,1986,Multifamily Housing,Multifamily,100,136.8,4705300.2,1655353.9,390.1,4093.3
11161,Dawning: 215 Hart Blvd,Staten Island,1931,Multifamily Housing,Multifamily,100,122.9,5640800.1,1088834.8,409.7,2656.8
11162,Dawning: 1150 South Ave,Staten Island,2001,Office,Office,100,179.1,2311900.0,12373789.2,1170.7,3299.4
11163,Dawning: 201 Bay Street,Staten Island,1931,Office,Office,100,119.4,24384312.42738699,2505563.3,212.2,795.9
11164,Dawning: 209 Bay Street,Staten Island,1930,Office,Office,100,78.8,24384312.42738699,66110.2,5.6,16217.966089617938
11165,Dawning: 155 Bay St,Staten Island,2005,Multifamily Housing,Multifamily,100,114.5,24384312.42738699,4298454.2,364.0,3801.6
11204,Gotham: 6 New Lane,Staten Island,1987,Multifamily Housing,Multifamily,100,101.3,3584500.2,2023095.1,361.7,4815.1
11205,Gotham: 55 Austin Place,Staten Island,2019,Multifamily Housing,Multifamily,100,125.5,11207800.0,2292532.2,789.5,16217.966089617938
11224,STATEN ISLAND UNIVERSITY HOSPITAL Seguine,Staten Island,1950,Hospital (General Medical & Surgical),Hospitality,100,596.8,70109904.9,20297394.1,5515.0,11871.1
11225,STATEN ISLAND UNIVERSITY HOSPITAL Radiology,Staten Island,1975,Medical Office,Office,100,187.2,3063522.5,3989271.1,500.6,1195.8
11270,OTS Investment Properties: 4 Chester Place,Staten Island,1929,Multifamily Housing,Multifamily,100,88.9,2726499.9,5425836.0760790175,159.2,16217.966089617938
11309,Silver Lake Nursing Home,Staten Island,1967,Senior Care Community,Other,100,251.8,9318899.8,4831157.4,904.1,11651.7
11375,Golden Gate Health Care Center,Staten Island,1972,Senior Care Community,Other,100,181.5,2359600.0,3826361.6,449.4,7288.3
11399,"137 Lake Ave, Staten Island, NY 10303",Staten Island,1945,Manufacturing/Industrial Plant,Other,100,19.5,24384312.42738699,1157553.4,98.0,16217.966089617938
11438,1160 Richmond Owners: 1160 Richmond Road,Staten Island,1969,Multifamily Housing,Multifamily,100,102.1,24384312.42738699,2705056.2,229.1,1964.4
11446,Parkwood: 30 Daniel Low Terrace,Staten Island,1932,Multifamily Housing,Multifamily,100,103.4,5862299.8,1323146.7,449.6,4448.4
11451,Colby: 9 Windham Loop,Staten Island,1981,Multifamily Housing,Multifamily,100,131.9,24384312.42738699,6947370.1,588.4,16217.966089617938
11452,Island Condo: 31 Hylan Blvd,Staten Island,1989,Multifamily Housing,Multifamily,100,57.9,24384312.42738699,1588156.6,134.5,16217.966089617938
11462,Highview Condominium II,Staten Island,1981,Multifamily Housing,Multifamily,100,168.4,8054999.5,1358756.0,542.9,2295.0
11553,1000 South Avenue,Staten Island,1989,Other,Other,100,161.2,614211.3,2038928.5,205.3,216.6
11795,Stanan: 150 Brielle Ave,Staten Island,1999,Multifamily Housing,Multifamily,100,96.5,2424100.3,1309902.3,239.7,2862.7
11796,Stanan: 35 GORDON STREET,Staten Island,2001,Multifamily Housing,Multifamily,100,106.0,3373399.9,978822.1,262.1,2713.2
11797,Stanan: 1440 Richmond Terracae,Staten Island,2011,Multifamily Housing,Multifamily,100,38.0,2655399.8,5425836.0760790175,141.0,4326.0
11798,Stanan: 101 Myrtle Ave,Staten Island,1986,Multifamily Housing,Multifamily,100,38.9,24384312.42738699,735195.7,62.3,16217.966089617938
11830,Sabin: 950 West Fingerboard Road,Staten Island,1960,Office,Office,100,398.0,24384312.42738699,15359547.3,1300.8,529.4
11833,SI Showplace: 141 East Service Road,Staten Island,1900,Other - Entertainment/Public Assembly,Other,100,115.8,24384312.42738699,2955406.6,250.3,2001.0
11847,Elkal: 7 Deppe Place,Staten Island,1969,Multifamily Housing,Multifamily,100,40.4,24384312.42738699,1930336.1,163.5,16217.966089617938
11856,Dome: 999 Forest Ave,Staten Island,1989,Multifamily Housing,Multifamily,100,182.8,24384312.42738699,1827842.8,154.8,16217.966089617938
11913,Dawning: 120 Wellington Ct,Staten Island,1988,Multifamily Housing,Multifamily,100,53.7,24384312.42738699,2608509.4,220.9,16217.966089617938
12531,107 ARLO RD ENT,Staten Island,1920,Multifamily Housing,Multifamily,100,257.6,3998112.9,2125701.7,397.5,16217.966089617938
12619,2712 Hylan Boulevard,Staten Island,1931,Strip Mall,Other,100,105.2,7572319.5,698015.3,461.3,7706.3
12620,2754 Hylan Boulevard,Staten Island,1931,Supermarket/Grocery Store,Other,100,437.0,2670012.0,8415056.2,854.5,16217.966089617938
12987,(7214) - The Accolade Condo (90 Bay),Staten Island,2013,Multifamily Housing,Multifamily,90,93.9,4627186.2,4397737.0,618.2,16217.966089617938
13075,26 EBBITTS ST HELM,Staten Island,1969,Multifamily Housing,Multifamily,100,117.5,5479751.0,2554456.3,626.4,16217.966089617938
13078,265 MILL RD HLS,Staten Island,1968,Multifamily Housing,Multifamily,100,101.2,4750111.3,2017118.9,552.5,16217.966089617938
13089,255 MILL RD HLS,Staten Island,1968,Multifamily Housing,Multifamily,100,86.1,4732329.3,1984226.5,419.4,16217.966089617938
13093,22 ARLO RD ENT,Staten Island,1951,Multifamily Housing,Multifamily,100,160.3,2362901.1,375328.3,157.3,16217.966089617938
13097,655 TYSENS LANE MRM,Staten Island,1969,Multifamily Housing,Multifamily,100,150.4,8065565.4,3289808.1,707.0,16217.966089617938
13098,23 ARLO RD OM,Staten Island,1951,Multifamily Housing,Multifamily,100,90.1,2226225.6,410753.3,159.5,16217.966089617938
13101,285 MILL RD HLS,Staten Island,1969,Multifamily Housing,Multifamily,100,81.1,4277357.3,1803017.3,379.9,16217.966089617938
13312,434 HOWARD AVE OM,Staten Island,1993,Multifamily Housing,Multifamily,100,97.9,2467081.8,431046.0,174.0,16217.966089617938
13313,81 ARLO RD OM,Staten Island,1951,Multifamily Housing,Multifamily,100,86.2,1790182.1,438300.3,155.6,16217.966089617938
13314,488 HOWARD AVE OWNR,Staten Island,1951,Multifamily Housing,Multifamily,100,163.6,2284953.1,430832.8,157.9,16217.966089617938
13316,550 HOWARD AVE,Staten Island,1921,Multifamily Housing,Multifamily,100,164.9,2259812.1,450281.3,158.2,16217.966089617938
13317,675 TYSENS LANE OM,Staten Island,1969,Multifamily Housing,Multifamily,100,135.7,8970454.4,1884707.0,730.3,16217.966089617938
13318,42 ARLO RD EDF,Staten Island,1951,Multifamily Housing,Multifamily,100,199.9,3048457.8,430067.0,198.3,16217.966089617938
13319,50 ARLO RD ENT,Staten Island,1951,Multifamily Housing,Multifamily,100,161.9,2221585.1,440979.6,155.3,16217.966089617938
13320,7 STRATFORD Avenue,Staten Island,1951,Multifamily Housing,Multifamily,100,163.5,2221585.1,453253.0,156.4,16217.966089617938
13321,516 HOWARD AVE ENT,Staten Island,1920,Multifamily Housing,Multifamily,100,162.3,2221585.1,443817.7,155.6,16217.966089617938
13323,460 HOWARD AVE OM,Staten Island,2002,Multifamily Housing,Multifamily,100,201.3,2221585.1,750584.0,181.6,16217.966089617938
13538,388 Richmond Terrace LLC,Staten Island,1988,Multifamily Housing,Multifamily,100,188.7,9298740.5,2410792.5,698.1,5445.1
13737,1415 Richmond Avenue,Staten Island,1975,Senior Care Community,Other,100,156.7,1142566.0,5671256.7,541.0,16217.966089617938
13875,135 Vanderbilt Avenue,Staten Island,1850,Senior Care Community,Other,100,295.3,10408503.9,7620215.8,1198.2,16217.966089617938
13881,141 Park Hill Avenue,Staten Island,1965,Multifamily Housing,Multifamily,100,99.2,26723131.9,1548569.0,1550.5,16217.966089617938
13905,Stop & Shop 0512- 2795 Richmond Avenue,Staten Island,1971,Supermarket/Grocery Store,Other,100,338.9,5964000.1,7117458.4,919.6,16217.966089617938
13909,Stop & Shop 581- 2754 Hylan Boulevard,Staten Island,2006,Supermarket/Grocery Store,Other,100,311.1,2665199.7,7929716.8,813.1,16217.966089617938
13910,Stop & Shop 2512- 1441 Richmond Avenue,Staten Island,1997,Supermarket/Grocery Store,Other,100,434.1,5964000.1,7117458.4,919.6,16217.966089617938
13919,Stop & Shop 2595- 1351 Forest Avenue,Staten Island,1981,Supermarket/Grocery Store,Other,100,564.2,4002200.1,10335002.7,1087.8,16217.966089617938
13932,288 Kissel Avenue,Staten Island,1969,Hospital (General Medical & Surgical),Hospitality,100,159.5,8070909.8,841561.2,500.0,16217.966089617938
13933,355 Bard Avenue,Staten Island,1903,Hospital (General Medical & Surgical),Hospitality,100,330.0,59186666.4,42191232.1,6716.9,48690.9
13965,2050 Forest Ave - Forest Commons,Staten Island,1992,Strip Mall,Other,80,53.9,24384312.42738699,2905217.6,246.0,1607.5
14203,PROGRESSIVE - 55 Bowen Street,Staten Island,1973,Multifamily Housing,Multifamily,95,134.2,12173600.1,2868454.6,889.5,10966.4
14584,49 ARLO RD ENT,Staten Island,1951,Multifamily Housing,Multifamily,100,87.5,1790182.1,456822.4,157.1,3025.1
14588,30 EBBITTS ST OM,Staten Island,1969,Multifamily Housing,Multifamily,100,86.5,5419871.1,1780675.1,438.7,10724.1
14593,245 MILL RD HELM,Staten Island,1968,Multifamily Housing,Multifamily,100,176.6,4700769.3,5945042.2,753.2,15272.2
14594,74 ARLO RD ENT,Staten Island,1951,Multifamily Housing,Multifamily,100,580.5,2221585.1,3734660.3,434.3,12168.7
14608,"St. John's University, Staten Island Campus",Staten Island,1935,College/University,Other,100,174.7,5234500.0,8096607.9,1157.1,2774.5
14613,224 Richmond Terrace,Staten Island,2012,Multifamily Housing,Multifamily,100,76.3,1555800.0,1018734.2,168.9,16217.966089617938
14616,364 Bay Street,Staten Island,2008,Office,Office,100,67.4,24384312.42738699,1587870.3,134.5,425.0
14796,Bayview Tower Condominium,Staten Island,1931,Multifamily Housing,Multifamily,100,8817.2,11853400.1,4246238.9,989.2,16217.966089617938
15121,PROGRESSIVE - 18-20 Father Capodano Blvd,Staten Island,1971,Multifamily Housing,Multifamily,95,140.9,16058000.0,5975647.6,1359.0,13961.6
15125,PROGRESSIVE - 231 Steuben Street,Staten Island,1972,Multifamily Housing,Multifamily,95,71.6,4879900.1,1846242.1,415.6,6333.6
15126,PROGRESSIVE - 195 Steuben Street,Staten Island,1972,Multifamily Housing,Multifamily,95,94.9,9003400.1,1496545.9,605.0,7779.7
15269,36 Hamilton Avenue,Staten Island,1963,Multifamily Housing,Multifamily,100,120.2,6889200.0,1424371.3,486.5,3433.6
15340,1756 Forest Ave - building C,Staten Island,1994,Retail Store,Retail,50,1.0,16670.0,4787.8,1.3,16217.966089617938
15471,Community Management: 3465/3461 Amboy Road (Parent),Staten Island,1984,Multifamily Housing,Multifamily,100,43.0,24384312.42738699,1755275.1,148.7,2659.6
15612,UFARATZTA LLC,Staten Island,1966,Multifamily Housing,Multifamily,100,153.9,3893599.8,394735.5,240.2,16217.966089617938
15667,Dawning: 215 Bay Street,Staten Island,1925,Office,Office,100,119.5,24384312.42738699,1280444.6,108.4,16217.966089617938
15677,200 Boscombe Avenue,Staten Island,1992,Worship Facility,Other,80,95.7,4900899.9,198169.0,277.1,16217.966089617938
15682,Colby: 999 Forest Ave,Staten Island,1989,Multifamily Housing,Multifamily,100,182.8,24384312.42738699,1827842.8,154.8,16217.966089617938
15854,Michael Motelson: 585C Correll Ave,Staten Island,2010,Multifamily Housing,Multifamily,100,36.1,24384312.42738699,1421419.5,120.4,16217.966089617938
15870,Mcgregor Arms: 115 Stuyvesant Place,Staten Island,1925,Multifamily Housing,Multifamily,100,88.7,7099400.1,5425836.0760790175,377.1,16217.966089617938
15959,Stanan: 250 PARK AVENUE,Staten Island,1994,Multifamily Housing,Multifamily,100,107.6,2884099.8,1182126.6,253.3,2268.1
15961,Stanan:45 CARMEL COURT(Parent),Staten Island,1983,Multifamily Housing,Multifamily,100,36.0,308200.0,1099243.4,109.5,16217.966089617938
16314,Building B,Staten Island,1994,Retail Store,Retail,75,58.7,8328.0,1344406.5,114.3,16217.966089617938
16493,Stanan: 226 Fillmore St,Staten Island,2010,Senior Care Community,Other,100,47.5,24384312.42738699,771157.3,65.3,16217.966089617938
16525,220 Osgood Ave,Staten Island,1973,Multifamily Housing,Multifamily,95,158.4,6675099.9,1894474.6,515.0,10123.7
16616,Samson - 299 St. Marks Place,Staten Island,1952,Multifamily Housing,Multifamily,100,161.7,5404770.8,826273.9,357.1,2908.7
16637,Samson - 610 Victory Blvd,Staten Island,1942,Multifamily Housing,Multifamily,100,119.0,5009192.8,813129.6,350.3,2936.9
16638,Samson - 630 Victory Blvd,Staten Island,1940,Multifamily Housing,Multifamily,100,112.8,4778719.9,756244.3,333.3,2121.8
16639,Samson - 650 Victory Blvd,Staten Island,1945,Multifamily Housing,Multifamily,100,122.8,5079157.8,843202.8,365.8,2473.8
16640,Samson - 700 Victory Blvd,Staten Island,1963,Multifamily Housing,Multifamily,100,141.0,24384312.42738699,3764311.9,1674.0,16089.3
17403,Blumenfeld: 2955 Veterans Road,Staten Island,2006,Office,Office,100,365.9615532989144,24384312.42738699,5425836.0760790175,3694.476402518561,16217.966089617938
17499,Stellar - 185 St. Marks Place,Staten Island,1976,Multifamily Housing,Multifamily,100,131.3,18665879.8,9092334.1,2848.2,26181.8
17547,Daniel Group: 1535 Richmond,Staten Island,2001,Multifamily Housing,Multifamily,100,66.3,24384312.42738699,1003354.9,85.0,16217.966089617938
17623,1756 Forest Ave - building C,Staten Island,1992,Retail Store,Retail,90,99.0,24384312.42738699,1419692.3,120.2,16217.966089617938
17624,Building B,Staten Island,1992,Retail Store,Retail,90,150.1,24384312.42738699,1344406.5,113.9,16217.966089617938
17625,Mason Avenue Holdings Corp Campus,Staten Island,1992,Retail Store,Retail,90,145.5,1667000.1,2764098.8,322.6,16217.966089617938
17643,RY - 35-85 Holland Avenue,Staten Island,1974,Multifamily Housing,Multifamily,100,146.0,31016181.3,15828097.5,2987.9,16217.966089617938
17715,4255 Amboy,Staten Island,2003,Mixed Use Property,Other,100,276.7,748100.0,2291132.6,233.8,2540.5
17730,20-30 Merle Realty LLC,Staten Island,1964,Multifamily Housing,Multifamily,100,365.9615532989144,24384312.42738699,5425836.0760790175,3694.476402518561,16217.966089617938
17879,Wavecrest - 1331 Bay Street,Staten Island,1999,Multifamily Housing,Multifamily,100,134.5,4458916.5,1787355.1,388.2,1810.4
18077,BAYSTR00080 Bay St. 80 Bay Street Landing,Staten Island,1985,Multifamily Housing,Multifamily,100,108.0,11853400.1,4037491.8,971.5,16217.966089617938
18079,Israilov 351 Walker Street,Staten Island,1956,Non-Refrigerated Warehouse,Industrial,80,20.0,24384312.42738699,542286.3,45.9,16217.966089617938
18108,300 West Service rd - D & M King Realty LLC,Staten Island,1979,Other - Education,Other,100,164.6,871600.0,2487234.2,256.9,16217.966089617938
18115,110 Nelson ave - Church Of St Clare,Staten Island,1966,Worship Facility,Other,100,53.0,342800.0,912075.2,95.5,16217.966089617938
18199,65 Elmwood Park dr - Island Condo Management Corp,Staten Island,1985,Multifamily Housing,Multifamily,95,50.9,24384312.42738699,1591513.0,212.4,16217.966089617938
18232,175 lake ave - Segbro Companies,Staten Island,2013,Refrigerated Warehouse,Industrial,100,170.0,1372199.8,2631771.2,295.8,16217.966089617938
18242,Island Condo Mgmt Corp 2 Elmwood Park Drive,Staten Island,1983,Multifamily Housing,Multifamily,100,122.3,6807999.9,3277362.3,639.2,7103.4
18317,120 Devon loop - Island Condo Management Corp,Staten Island,1985,Multifamily Housing,Multifamily,95,58.8,24384312.42738699,943323.0,79.9,16217.966089617938
18383,zy Pesce 99 Ellis St.,Staten Island,1984,Distribution Center,Other,100,70.4,3421700.2,5425836.0760790175,181.7,16217.966089617938
18418,Island Condo 2 Windham Loop,Staten Island,1977,Multifamily Housing,Multifamily,100,365.9615532989144,24384312.42738699,5425836.0760790175,3694.476402518561,16217.966089617938
18427,4747 Amboy Road - Holy Child Church,Staten Island,1968,Worship Facility,Other,100,108.4,2792899.6,1215623.2,251.3,16217.966089617938
18553,Bay Street Senior Housing: 533 Bay Street,Staten Island,2017,Multifamily Housing,Multifamily,100,34.2,533900.0,531674.9,73.4,16217.966089617938
18554,Elbee Gardens: Elbee Gardens,Staten Island,2016,Multifamily Housing,Multifamily,100,102.0,10220499.9,3151280.6,809.7,3978.9
18667,Park Lane at Sea View,Staten Island,2009,Multifamily Housing,Multifamily,100,113.0,4056657.4,3143129.5,481.7,3113.9
18670,Markham Gardens,Staten Island,2007,Multifamily Housing,Multifamily,100,43.5,18722547.4,1772016.1,1144.5,16217.966089617938
18795,Met Council: Seaview Senior Living - 145 Friendship Lane,Staten Island,2015,Multifamily Housing,Multifamily,100,114.8,454900.0,4470737.4,402.8,16217.966089617938
19134,Gold - 800 Manor Road,Staten Island,1979,Multifamily Housing,Multifamily,100,131.6,24384312.42738699,1526172.7,526.7,3055.8
19195,MGRE - 145 Lincoln Avenue,Staten Island,1964,Multifamily Housing,Multifamily,100,102.6,8831454.2,2794368.9,705.7,8110.7
19328,100 Greaves Lane,Staten Island,2001,Office,Office,100,375.6,4133400.2,6734170.3,789.9,1033.9
19335,120 Stuyvesant Place,Staten Island,1974,Office,Office,100,102.0,1492999.7,2261029.7,270.8,16217.966089617938
19390,CubeSmart (NYC) - 834,Staten Island,1931,Self-Storage Facility,Other,100,29.7,1299000.1,540531.3,114.8,36.1
19517,100 Colfax Ave - Grant Terrace,Staten Island,1961,Multifamily Housing,Multifamily,90,127.3,10445177.3,2206607.3,741.7,8208.4
19726,CEN00091T 91 Tompkins Ave,Staten Island,1992,Multifamily Housing,Multifamily,100,208.7,6157900.3,7329066.7,947.8,6670.4
20067,Dome: 119 Cortelyou Ave,Staten Island,1974,Multifamily Housing,Multifamily,100,365.9615532989144,24384312.42738699,5425836.0760790175,3694.476402518561,5351.6
20128,Eden II: 15 Beach St,Staten Island,1929,Multifamily Housing,Multifamily,100,87.0,24384312.42738699,1228485.4,104.0,16217.966089617938
20486,FTPA Storage Staten Island LLC,Staten Island,1987,Self-Storage Facility,Other,90,9.8,24384312.42738699,137279.7,11.6,13.2
20560,Stapelton Senior Owners,Staten Island,2010,Multifamily Housing,Multifamily,100,331.0,24430524.0,1628198.7,1435.5,4681.3
20561,The Rail,Staten Island,2011,Multifamily Housing,Multifamily,100,335.2,25255284.1,2592347.9,1561.0,7580.0
20624,A01360 - Quail Run at La Tourette Inc,Staten Island,1988,Multifamily Housing,Multifamily,100,280.0,940394.3,4435233.4,425.6,6529.0
20640,A01360M - Quail Run,Staten Island,1988,Multifamily Housing,Multifamily,95,313.5,2466101.3,4435233.4,506.6,6529.0
20871,655 Rossville Avenue,Staten Island,1984,Retail Store,Retail,100,482.1,5682799.7,4031434.3,643.3,7809.3
20909,Lady of The Sea 5411 Amboy Road,Staten Island,1958,K-12 School,SpecialPurpose,100,142.5,2119399.9,2010136.9,334.4,16217.966089617938
20997,B.Gans Mgt 800 Victory Blvd,Staten Island,1961,Multifamily Housing,Multifamily,100,166.7,8755200.2,2231946.6,1276.5,16217.966089617938
21047,Island Management 41-121 Wellington Ct,Staten Island,1987,Multifamily Housing,Multifamily,100,138.6,2705800.0,3673907.3,454.9,4547.3
21066,160 Heberton Ave - P & L Management,Staten Island,1920,Multifamily Housing,Multifamily,100,117.8,3625400.1,582958.7,241.9,16217.966089617938
21204,CEN000075V 75 Vanderbilt,Staten Island,1930,Multifamily Housing,Multifamily,100,100.5,24384312.42738699,18033648.5,2407.3,16217.966089617938
21270,Blumenfeld: 2720 Veterans Road,Staten Island,2006,Office,Office,100,365.9615532989144,24384312.42738699,5425836.0760790175,3694.476402518561,16217.966089617938
21271,Blumenfeld: 2750 Veterans Road,Staten Island,2005,Office,Office,100,365.9615532989144,24384312.42738699,5425836.0760790175,3694.476402518561,16217.966089617938
21272,Blumenfeld: 2900 Veterans Road,Staten Island,2005,Office,Office,100,365.9615532989144,24384312.42738699,5425836.0760790175,3694.476402518561,16217.966089617938
21608,B.Gans Mgt 800 Victory Blvd,Staten Island,1961,Multifamily Housing,Multifamily,100,166.7,8755200.2,2231946.6,1276.5,16217.966089617938
21624,120 Devon loop - Island Condo Management Corp,Staten Island,1985,Multifamily Housing,Multifamily,95,58.8,24384312.42738699,943323.0,79.9,16217.966089617938
21726,160 Heberton Ave - P & L Management,Staten Island,1920,Multifamily Housing,Multifamily,100,117.8,3625400.1,582958.7,241.9,16217.966089617938
21737,4747 Amboy Road - Holy Child Church,Staten Island,1968,Worship Facility,Other,100,108.4,2792899.6,1215623.2,251.3,16217.966089617938
21816,MFM - 247 Jersey Street,Staten Island,1984,Multifamily Housing,Multifamily,100,183.0,3332887.0,600884.9,227.9,5402.4
21887,Capani- 157 Daniel Low Terrace,Staten Island,1932,Multifamily Housing,Multifamily,100,291.2,6244799.9,486703.0,372.9,538587.6
21940,"Willow Avenue Associates, LLC",Staten Island,1990,Office,Office,100,132.8,24384312.42738699,2066883.4,175.0,16217.966089617938
21999,Bay Street Landing Owners Corp.,Staten Island,1985,Multifamily Housing,Multifamily,100,23.3,546400.0,5425836.0760790175,29.4,500.0
22096,1000 Targee Street Mgmt. LLC,Staten Island,1972,Multifamily Housing,Multifamily,95,120.1,4252218.4,1590595.4,360.6,5546.8
22482,WEST BRIGHTON I/WEST BRIGHTON II CAMPUS,Staten Island,1962,Multifamily Housing,Multifamily,100,169.7,53876500.4,14606591.2,4274.7,16217.966089617938
22483,WEST BRIGHTON I,Staten Island,1962,Multifamily Housing,Multifamily,100,86.6,380777.5,14606591.2,1375.7,16217.966089617938
22484,WEST BRIGHTON II,Staten Island,1962,Multifamily Housing,Multifamily,100,107.1,520805.0,2352503.3,246.0,16217.966089617938
22485,WEST BRIGHTON I/WEST BRIGHTON II,Staten Island,1962,Multifamily Housing,Multifamily,100,93.4,53355695.3,5425836.0760790175,2891.6,16217.966089617938
22491,Mason Avenue Holdings Corp,Staten Island,1994,Retail Store,Retail,75,158.7,11364.0,3246535.0,301.9,59254.7
22492,Building B,Staten Island,1994,Retail Store,Retail,75,90.9,2412.0,1861321.1,172.9,27280.0
22524,Community Management: 3465/3461 Amboy Road (Parent),Staten Island,1984,Multifamily Housing,Multifamily,100,72.3,2224099.9,1888487.4,293.4,2522.6
24467,B.S.L. One Owners Corp.,Staten Island,1984,Multifamily Housing,Multifamily,100,82.3,13013800.3,2802521.3,951.3,16217.966089617938
24468,Stellar - 185 St. Marks Place,Staten Island,1976,Multifamily Housing,Multifamily,100,151.9,24384312.42738699,10509745.7,3658.3,16217.966089617938
24469,350 St Marks Place - 43779,Staten Island,1964,Office,Office,100,157.5,24384312.42738699,3259713.8,302.5,1803.6
24470,Intelligreen - Belmont & Daniel Low,Staten Island,1966,Multifamily Housing,Multifamily,100,123.9,731300.0,1274631.0,959.3,1202.1
24471,Seaview Estates,Staten Island,1929,Multifamily Housing,Multifamily,100,123.0,20703765.1,4348775.7,1503.2,15924.7
24472,70 North Burgher Avenue,Staten Island,2009,Multifamily Housing,Multifamily,100,95.0,18411233.5,1165406.0,1086.1,20593.1
24473,Stanan: 1440 Richmond Terracae,Staten Island,2011,Multifamily Housing,Multifamily,100,39.1,2732900.0,5425836.0760790175,145.2,3237.6
24474,(4644) - The Fountains (1),Staten Island,1966,Multifamily Housing,Multifamily,100,190.3,14650593.5,2826671.3,1040.5,7086.3
24475,Stapelton Senior Owners,Staten Island,2010,Multifamily Housing,Multifamily,100,120.8,5210600.2,1769623.5,441.0,16217.966089617938
24476,107 ARLO RD ENT,Staten Island,1920,Multifamily Housing,Multifamily,100,155.0,4420941.2,435351.0,285.7,16217.966089617938
24477,460 HOWARD AVE OM,Staten Island,2002,Multifamily Housing,Multifamily,100,195.0,2849572.7,415295.8,189.9,16217.966089617938
24478,Excel Bradshaw 556 Howard Avenue,Staten Island,1951,Multifamily Housing,Multifamily,100,59.3,3058500.2,1276293.0,280.9,16217.966089617938
24479,LL84 Wagner College - 16 Buildings,Staten Island,1967,Mixed Use Property,Other,100,204.1,22388295.5,20093564.3,4651.6,10638.3
24480,LL84 Wagner College - Harborview,Staten Island,1968,Residence Hall/Dormitory,Other,100,105.1,3858.0,4651762.3,431.9,3005.2
24481,LL84 Wagner College - Union,Staten Island,1967,Other,Other,100,128.7,1560114.6,2436637.5,309.0,1545.5
24482,755 Narrows Road North,Staten Island,1987,Multifamily Housing,Multifamily,100,133.0,3972885.3,2355938.2,429.6,16217.966089617938
24483,Manor Road Allied Shopping Center,Staten Island,1964,Mixed Use Property,Other,100,242.6,597523.5,4840240.4,480.9,2944.7
24484,Golden Gate Rehabilitation and Health Care Center,Staten Island,1972,Senior Care Community,Other,100,423.3,21212001.6,2702744.1,1377.5,9919.2
24485,2595 Staten Island,Staten Island,1981,Supermarket/Grocery Store,Other,100,677.2,3991827.8,11334391.2,1263.9,2507.8
24486,Energy Plus: 137 LAKE AVENUE,Staten Island,1945,Multifamily Housing,Multifamily,100,20.8,1969800.0,993574.4,196.8,16217.966089617938
24487,Charter Communications,Staten Island,1964,Office,Office,90,293.8,1298836.0,4379126.7,475.4,624.6
24488,1415 Richmond Avenue,Staten Island,1975,Senior Care Community,Other,100,171.5,1085937.0,5589864.5,576.4,4623.0
24489,Forest Plaza,Staten Island,1993,Retail Store,Retail,100,103.6,3045499.9,4429395.9,572.8,1494.8
24490,21810-Staten Island / North Stream,Staten Island,1997,Distribution Center,Other,100,27.4,348100.0,478881.0,62.9,63.0
24491,ADCO - 201 Edward Curry Avenue,Staten Island,2002,Office,Office,100,179.0,1321517.0,3881118.9,430.4,756.3
24492,Costco #0316 Staten Island,Staten Island,1996,Wholesale Club/Supercenter,Other,100,594.2,9149087.7,19882406.0,2331.0,3816.4
24493,(71007A) Staten Island Macy's,Staten Island,1972,Retail Store,Retail,100,161.6,12161346.4,9915232.1,1566.1,4811.7
24494,1624,Staten Island,1973,Retail Store,Retail,100,68.6,1366100.0,3537953.9,400.9,16217.966089617938
24495,Pergament 2795,Staten Island,1986,Strip Mall,Other,100,403.1,11657200.6,40616519.3,4388.4,16217.966089617938
24496,Island Condo Mgmt Corp 2 Elmwood Park Drive,Staten Island,1983,Multifamily Housing,Multifamily,100,137.2,7109476.8,3457571.6,698.5,7450.8
24497,145 Wellington Court,Staten Island,1988,Multifamily Housing,Multifamily,100,23.3,24384312.42738699,901382.2,83.6,5898.0
24498,LA Fitness,Staten Island,1986,Other,Other,100,252.9,2410827.0,3349715.6,438.9,1933.7
24499,Wavecrest - 1331 Bay Street,Staten Island,1999,Multifamily Housing,Multifamily,100,132.3,3753466.5,1778253.4,364.4,1982.6
24500,zz STJOS 00125 125 St. Mary Ave,Staten Island,1956,K-12 School,SpecialPurpose,100,365.9615532989144,24384312.42738699,5425836.0760790175,3694.476402518561,109.4
24501,220 Osgood Ave,Staten Island,1973,Multifamily Housing,Multifamily,95,153.4,5959999.8,1805078.1,484.1,16217.966089617938
24502,655 TYSENS LANE MRM,Staten Island,1969,Multifamily Housing,Multifamily,100,119.5,8074049.4,1775580.5,593.6,16217.966089617938
24503,30 EBBITTS ST OM,Staten Island,1969,Multifamily Housing,Multifamily,100,97.4,5718832.7,1915730.0,481.5,16217.966089617938
24504,Carolina Gardens,Staten Island,1950,Multifamily Housing,Multifamily,100,80.8,3296599.9,684119.6,238.6,5580.4
24505,Monsignor Farrell High School,Staten Island,1961,K-12 School,SpecialPurpose,100,79.8,1185310.9,1974395.8,502.5,16217.966089617938
24506,100 Greaves,Staten Island,2001,Supermarket/Grocery Store,Other,100,483.9,4108715.3,7409419.1,905.8,714.7
24507,2513 Staten Island,Staten Island,1976,Supermarket/Grocery Store,Other,100,490.6,3623494.1,4963858.0,653.1,16217.966089617938
24508,Greenridge Plaza,Staten Island,1974,Retail Store,Retail,100,176.7,8324303.3,2898617.5,711.1,16217.966089617938
24509,0690-Staten Island - Arden Ave.,Staten Island,2009,Self-Storage Facility,Other,100,40.7,521500.0,924368.8,113.5,65.0
24510,25598-Staten Island / Veterans RD W.,Staten Island,2005,Distribution Center,Other,100,34.6,371300.0,567562.3,72.4,116.0
24511,Blumenfeld: 2750 Veterans Road,Staten Island,2005,Office,Office,100,16.0,24384312.42738699,818880.0,76.0,1156.5
24512,Blumenfeld: 2955 Veterans Road,Staten Island,2006,Office,Office,100,22.9,24384312.42738699,1248792.1,115.9,16217.966089617938
24513,zy Pesce 99 Ellis St.,Staten Island,1984,Distribution Center,Other,100,334.5,2013897.4,4760280.2,548.7,3023.6
35588,"Staten Island Corrugator, LLC",Staten Island,2008,Manufacturing/Industrial Plant,Other,100,523.8,15693695.9,13323860.0,1938.6,16217.966089617938
35589,BAYSTR00080 Bay St. 80 Bay Street Landing,Staten Island,1985,Multifamily Housing,Multifamily,100,15.2,2997188.4,62366.8,164.4,16217.966089617938
35590,Dawning: 155 Bay St,Staten Island,2005,Multifamily Housing,Multifamily,100,126.6,24384312.42738699,4237157.8,351.4,2513.5
35591,(7214) - The Accolade Condo (90 Bay),Staten Island,2013,Multifamily Housing,Multifamily,90,611.5,3198929.8,34544124.8,3034.8,16217.966089617938
35592,Skyline Terrace Coop,Staten Island,1960,Multifamily Housing,Multifamily,100,98.1,8484745.9,1705627.7,592.1,3389.4
35593,388 Richmond Terrace LLC,Staten Island,1988,Multifamily Housing,Multifamily,100,79.1,4795556.4,600534.0,304.5,5148.4
35594,Regal Estates LLC A,Staten Island,1925,Other,Other,100,7.8,24384312.42738699,523888.8,43.4,16217.966089617938
35595,60 Bay Street Office,Staten Island,1970,Office,Office,100,127.8,5285170.4,2496640.9,487.8,1424.5
35596,33 S&P REALTY CORP.,Staten Island,1923,Multifamily Housing,Multifamily,100,77.0,2813997.8,681267.9,256.0,3031.9
35597,115 Stuyvesant Place - McGregor Arms Realty,Staten Island,1940,Multifamily Housing,Multifamily,100,105.1,6396396.6,193253.0,463.9,16217.966089617938
35598,Samson - 299 St. Marks Place,Staten Island,1952,Multifamily Housing,Multifamily,100,170.7,5522385.6,838601.1,362.9,3190.4
35599,Gateway Arms Apartments,Staten Island,1965,Multifamily Housing,Multifamily,100,141.7,6199514.7,1402038.5,445.6,3053.5
35600,Harbor Garden Apartments,Staten Island,1924,Multifamily Housing,Multifamily,100,112.2,8180781.0,1586494.8,566.1,4971.2
35601,120 Stuyvesant Place,Staten Island,1974,Office,Office,100,110.9,2010249.9,2122098.6,282.8,397.2
35602,36 Hamilton Avenue,Staten Island,1963,Multifamily Housing,Multifamily,100,156.2,6705899.8,1452294.7,495.3,16217.966089617938
35603,60 hamilton av,Staten Island,1965,Office,Office,100,153.9,6849700.3,1404841.1,480.3,4492.1
35604,224 Richmond Terrace,Staten Island,2005,Multifamily Housing,Multifamily,100,171.2,7608900.2,1138720.1,498.6,1441.5
35605,Balkon Realty,Staten Island,1964,Office,Office,100,76.7,24384312.42738699,787053.8,238.7,11312.2
35606,Excel Bradshaw 50 Fort Place,Staten Island,1963,Multifamily Housing,Multifamily,90,95.0,8279600.0,1794774.1,588.6,4550.2
35607,"80-82 St. Marks Place, Staten Island",Staten Island,1929,Multifamily Housing,Multifamily,100,128.4,5694938.1,1183553.7,400.6,4546.6
35608,Parkwood: 30 Daniel Low Terrace,Staten Island,1932,Multifamily Housing,Multifamily,100,113.6,5237099.9,1358262.6,498.0,6289.6
35609,harbor terrace,Staten Island,1975,Senior Care Community,Other,100,222.0,5327099.7,3387433.7,563.9,13397.4
35610,200 Lafayette Avenue,Staten Island,1975,Office,Office,100,296.8,10433999.9,5396443.0,1001.7,12082.6
35611,355 Bard Avenue,Staten Island,1903,Hospital (General Medical & Surgical),Hospitality,100,416.1,77747073.4,46400139.7,7977.7,51072.4
35612,288 Kissel Avenue,Staten Island,1969,Hospital (General Medical & Surgical),Hospitality,100,199.3,10601875.1,765063.7,626.6,16217.966089617938
35613,Silver Lake Nursing Home,Staten Island,1967,Senior Care Community,Other,100,285.0,9425400.0,5251750.3,936.2,16217.966089617938
35614,Markham Gardens,Staten Island,2009,Multifamily Housing,Multifamily,100,101.0,20245436.0,1009667.2,1159.1,84258.1
35615,"937 Victory Boulevard, Staten Island",Staten Island,1965,Multifamily Housing,Multifamily,100,119.9,457318.2,1734838.6,824.6,6357.4
35616,"961 Victory Boulevard, Staten Island",Staten Island,1965,Multifamily Housing,Multifamily,100,130.2,541364.5,1725931.4,918.2,6273.9
35617,Dawning: 215 Hart Blvd,Staten Island,1931,Multifamily Housing,Multifamily,100,123.6,4819400.1,1107057.6,401.6,2717.9
35618,Colonial Condo,Staten Island,1937,Multifamily Housing,Multifamily,100,123.8,4011033.0,691253.7,270.4,1476.8
35619,1050 Clove Road,Staten Island,1987,Urgent Care/Clinic/Other Outpatient,Other,95,372.5,1291000.0,5974411.8,564.1,16217.966089617938
35620,(5646) - The Fountains (2),Staten Island,1967,Multifamily Housing,Multifamily,100,197.4,14664254.0,3111488.2,1036.9,7508.9
35621,The Rail,Staten Island,2011,Multifamily Housing,Multifamily,100,145.1,5880499.9,2690856.8,535.5,5424.9
35622,Dawning: 201 Bay Street,Staten Island,1931,Office,Office,100,168.1,1708597.7,2572511.5,304.1,451.9
35623,364 Bay Street,Staten Island,2008,Office,Office,100,63.8,24384312.42738699,1339414.7,111.1,390.3
35624,SV LAND THREE LLC,Staten Island,1930,Residential Care Facility,Other,100,102.4,24384312.42738699,16372844.7,1357.9,16217.966089617938
35625,135 Vanderbilt Avenue,Staten Island,1850,Senior Care Community,Other,100,342.6,12121765.5,7869700.5,1296.5,16217.966089617938
35626,RICHMOND CENTER FOR REHABILITATION & HEALTHCARE,Staten Island,1992,Senior Care Community,Other,100,279.4,10909588.4,7858395.1,1231.2,6287.4
35627,Stanan: 35 GORDON STREET,Staten Island,2001,Multifamily Housing,Multifamily,100,143.4,3771699.9,1443661.5,320.1,2479.8
35628,Gotham: 55 Austin Place,Staten Island,2019,Multifamily Housing,Multifamily,100,132.2,11109799.8,2385684.1,787.9,8811.5
35629,Samson - 650 Victory Blvd,Staten Island,1945,Multifamily Housing,Multifamily,100,127.6,4419864.6,837503.0,382.6,2458.1
35630,Samson - 630 Victory Blvd,Staten Island,1940,Multifamily Housing,Multifamily,100,125.8,4584470.1,733507.0,383.3,1920.2
35631,Samson - 610 Victory Blvd,Staten Island,1942,Multifamily Housing,Multifamily,100,128.7,4572091.2,799814.0,387.7,2606.1
35632,Samson - 700 Victory Blvd,Staten Island,1963,Multifamily Housing,Multifamily,100,160.7,24384312.42738699,3727076.5,1876.8,16217.966089617938
35633,800 Victory Boulevard,Staten Island,1961,Multifamily Housing,Multifamily,100,41.0,2136233.0,591223.2,162.5,10741.2
35634,"St. John's University, Staten Island Campus",Staten Island,1959,College/University,Other,100,257.3,5721599.8,8989754.3,1310.6,2078.1
35635,434 HOWARD AVE OM,Staten Island,1993,Multifamily Housing,Multifamily,100,79.6,1638253.1,458087.3,125.0,16217.966089617938
35636,42 ARLO RD EDF,Staten Island,1951,Multifamily Housing,Multifamily,100,180.0,2490231.8,430004.3,167.9,16217.966089617938
35637,Highview Condo,Staten Island,1981,Multifamily Housing,Multifamily,100,132.6,3417054.0,1237395.1,284.1,3150.1
35638,Highview Condominium II,Staten Island,1981,Multifamily Housing,Multifamily,100,121.8,3559087.7,1456025.8,350.8,2378.5
35639,801 Narrows Road North,Staten Island,2005,Multifamily Housing,Multifamily,100,247.5,2448088.0,4168626.5,475.8,4177.7
35640,Z(6755) - Sunrise Towers Condo,Staten Island,1987,Multifamily Housing,Multifamily,100,174.5,4154675.0,2439727.3,423.0,16217.966089617938
35641,Gold - 800 Manor Road,Staten Island,1979,Multifamily Housing,Multifamily,100,122.5,24384312.42738699,1504312.3,439.8,3169.5
35642,Stanan: 150 Brielle Ave,Staten Island,1999,Multifamily Housing,Multifamily,100,124.1,3678000.0,1315790.0,304.5,2919.7
35643,Stanan: 250 PARK AVENUE,Staten Island,1994,Multifamily Housing,Multifamily,100,121.2,3095299.9,1238409.3,267.1,2514.2
35644,Forest Mall,Staten Island,1981,Other - Mall,Other,100,457.0,3941887.0,14440929.0,1407.0,6502.4
35645,Forest Avenue S.C.,Staten Island,1957,Retail Store,Retail,100,166.3,2964400.0,9516519.0,946.7,16217.966089617938
35646,135 Lake Avenue Realty,Staten Island,1912,Manufacturing/Industrial Plant,Other,80,17.1,24384312.42738699,902360.3,74.8,16217.966089617938
35647,Israilov 351 Walker Street,Staten Island,1956,Non-Refrigerated Warehouse,Industrial,80,24.9,199453.6,535021.4,55.0,16217.966089617938
35648,3075 Richmond Terrace,Staten Island,1912,Non-Refrigerated Warehouse,Industrial,100,17.2,211613.5,274316.0,34.0,76.1
35649,"CubeSmart - Richmond Terrace, Staten Island",Staten Island,1990,Self-Storage Facility,Other,100,38.0,2861091.2,738999.6,213.3,36.4
35650,"Ss Cosmas and Damian Human Services Center, Inc.",Staten Island,1973,Senior Care Community,Other,100,192.3,6099335.7,2519491.2,532.9,16217.966089617938
35651,N001583-NW STATEN ISLAND NY,Staten Island,2003,Retail Store,Retail,100,238.1,1275406.2,8164017.8,744.8,504.7
35652,10782-Staten Island,Staten Island,2004,Retail Store,Retail,100,105.7,211400.0,2670077.7,317.4,426.0
35653,Time Warner Cable,Staten Island,1964,Office,Office,90,356.9,1374011.7,5387935.6,519.8,554.0
35654,North Shore Arlington,Staten Island,1974,Multifamily Housing,Multifamily,100,164.6,34786958.4,15961493.2,3171.5,16217.966089617938
35655,STATEN ISLAND STADIUM 16,Staten Island,2000,Movie Theater,Other,100,258.4,1828200.0,5148793.4,524.1,1753.0
35656,#1249 Staten Island,Staten Island,1997,Retail Store,Retail,100,206.3,4258142.3,6636757.9,776.6,1012.1
35657,Mason Avenue Holdings Corp Parent,Staten Island,1994,Retail Store,Retail,75,792.3,20304.0,16216239.2,1346.0,67243.9
35658,Elkal: 7 Deppe Place,Staten Island,1969,Multifamily Housing,Multifamily,100,117.4,9244370.8,1912794.4,649.6,16217.966089617938
35659,Jewish Foundation School,Staten Island,1987,K-12 School,SpecialPurpose,100,113.2,3346600.0,1168268.8,274.6,1632.4
35660,2512 Staten Island,Staten Island,2001,Supermarket/Grocery Store,Other,100,535.6,5955141.4,8308721.1,1005.4,449330.9
35661,Nicotra 900,Staten Island,1998,Office,Office,100,218.1,1641463.0,4744359.3,480.7,588.0
35662,Nicotra 1200,Staten Island,1997,Mixed Use Property,Other,100,182.0,848900.0,4197326.7,393.2,619.4
35663,Dawning: 1150 South Ave,Staten Island,2001,Office,Office,100,218.0,2427299.9,13555193.6,1254.9,16217.966089617938
35664,Hampton Inn & Suites,Staten Island,2006,Hotel,Hotel,100,147.8,1278125.8,3059768.6,321.6,3319.9
35665,Nicotra 1110,Staten Island,2002,Office,Office,100,198.2,3356867.9,4110368.5,519.2,743.6
35666,Hilton Garden Inn,Staten Island,2001,Hotel,Hotel,100,304.5,16501367.1,12420052.4,1906.5,10249.1
35667,Moore Catholic High School,Staten Island,1963,K-12 School,SpecialPurpose,100,66.7,240882.6,1219282.8,158.0,2153.2
35668,Eger Harbor House,Staten Island,2005,Senior Care Community,Other,100,186.5,3766611.7,1938425.5,360.8,2540.4
35669,Eger Health Care & Rehabilitation Center,Staten Island,1993,Senior Care Community,Other,100,274.5,19902662.1,11787232.0,2034.7,10180.0
35670,Richmond Avenue,Staten Island,1998,Other - Mall,Other,100,213.3,24384312.42738699,5161903.2,428.1,1012.0
35671,(71136A) Staten Island Furniture,Staten Island,1972,Retail Store,Retail,100,125.1,24384312.42738699,2027679.4,168.2,71.8
35672,4181-Staten Island Mall,Staten Island,1973,Enclosed Mall,Other,100,388.9,23849600.4,68199721.6,6922.9,29384.0
35673,"STATEN ISLAND, NY-2463",Staten Island,1994,Retail Store,Retail,100,153.8,1761001.3,8190574.4,772.8,16217.966089617938
35674,80 Richmond Hill Rd.,Staten Island,1988,Multifamily Housing,Multifamily,100,160.8,13257587.7,4741443.3,1097.4,14203.3
35675,0512 Staten Island,Staten Island,2001,Supermarket/Grocery Store,Other,100,437.4,4481481.7,9599457.0,1034.2,16217.966089617938
35676,Island Condo 2 Windham Loop,Staten Island,1977,Multifamily Housing,Multifamily,100,119.2,24384312.42738699,5570422.6,462.0,16217.966089617938
35677,Watson 2 Elmwood Park Drive,Staten Island,1983,Multifamily Housing,Multifamily,100,131.4,7068035.2,3223595.4,642.8,16217.966089617938
35678,Island Management 41-121 Wellington Ct,Staten Island,1987,Multifamily Housing,Multifamily,100,138.0,1138580.6,3779746.9,373.9,2781.5
35679,New Bedford: 145 Wellington Court (Parent),Staten Island,1988,Multifamily Housing,Multifamily,100,103.9,525300.0,4575420.3,407.4,16217.966089617938
35680,Richmond S.C.,Staten Island,1962,Retail Store,Retail,100,450.5,6312299.8,35358923.0,3267.7,8164.7
35681,SI Showplace: 141 East Service Road,Staten Island,1900,Other - Entertainment/Public Assembly,Other,100,137.5,1162900.0,2741446.4,289.1,2096.0
35682,"Pratt Paper NY, Inc.",Staten Island,1996,Manufacturing/Industrial Plant,Other,100,528.0,29165075.0,45270413.8,5303.6,16217.966089617938
35683,Shore Plaza LLC,Staten Island,1990,Retail Store,Retail,100,118.0,24384312.42738699,11013636.0,913.4,16217.966089617938
35684,Wavecrest 2015 - 1331 Bay Street,Staten Island,1999,Multifamily Housing,Multifamily,100,175.0,4289693.0,2579370.1,441.8,1864.1
35685,Gotham: 6 New Lane,Staten Island,1987,Multifamily Housing,Multifamily,100,103.6,3215400.1,1993583.8,336.1,4005.7
35686,20 Cliff St.,Staten Island,1964,Multifamily Housing,Multifamily,100,89.4,6876875.9,1874040.1,520.7,3352.8
35687,Island Condo: 50 Belair Road,Staten Island,1985,Multifamily Housing,Multifamily,100,91.3,535100.0,1390799.5,143.8,1540.5
35688,TOMPKINS COURT,Staten Island,1985,Multifamily Housing,Multifamily,100,138.2,4654199.3,1591002.0,379.2,8800.1
35689,Mallory: 141 PARK HILL AVE (Parent),Staten Island,1965,Multifamily Housing,Multifamily,100,66.6,4520500.1,6569499.1,784.9,16217.966089617938
35690,330 Tompkins Avenue (American Self Storage),Staten Island,1924,Non-Refrigerated Warehouse,Industrial,100,20.0,220800.0,1294512.8,119.1,227.4
35691,55 Bowen Street,Staten Island,1970,Multifamily Housing,Multifamily,100,161.6,14254700.3,3215027.1,1023.8,9590.2
35692,Terrace 1,Staten Island,1971,Multifamily Housing,Multifamily,100,91.5,7517631.5,1677265.9,538.4,11544.4
35693,Terrace 2,Staten Island,1971,Multifamily Housing,Multifamily,100,93.4,7985797.0,1607207.2,557.5,10221.3
35694,"Kimso Apartments, LLC-240",Staten Island,1968,Multifamily Housing,Multifamily,100,54.5,2201100.0,6710836.6,673.5,16217.966089617938
35695,#6150 Staten Island East,Staten Island,2002,Retail Store,Retail,100,211.0,2799817.7,4364288.5,510.7,600.2
35696,"185-225 Parkill, LLC-225",Staten Island,1970,Multifamily Housing,Multifamily,100,118.4,17936599.0,5783281.8,1432.3,12334.6
35697,"Poonam Apts, LLC-140 Parkhill Ave",Staten Island,1966,Multifamily Housing,Multifamily,100,89.7,15219199.3,6592814.3,1355.1,16217.966089617938
35698,Chateau Villa Corp.,Staten Island,1977,Multifamily Housing,Multifamily,100,131.5,1214700.0,2517479.4,1139.9,16217.966089617938
35699,St. Joseph Hill Convent,Staten Island,1913,Residence Hall/Dormitory,Other,100,82.5,5475000.1,2745540.8,518.5,1848.4
35700,Seaside,Staten Island,1970,Multifamily Housing,Multifamily,100,160.1,21408419.1,4996695.9,1551.5,13327.3
35701,Elbee Gardens,Staten Island,1972,Multifamily Housing,Multifamily,100,365.9615532989144,24384312.42738699,5425836.0760790175,3694.476402518561,1077.9
35702,1160 Richmond Owners: 1160 Richmond Road,Staten Island,1969,Multifamily Housing,Multifamily,100,120.2,24384312.42738699,2841227.1,235.6,2009.3
35703,Sabin: 950 West Fingerboard Road,Staten Island,1960,Office,Office,100,499.1,5324999.7,15394943.6,1559.6,453.5
35704,Carmel Richmond HC & RC,Staten Island,1972,Other,Other,100,331.9,20317579.1,11173989.8,2005.9,1688488.6
35705,STATEN ISLAND UNIVERSITY HOSPITAL Seaview,Staten Island,1950,Hospital (General Medical & Surgical),Hospitality,100,547.2,88087996.4,63671242.6,11290.9,9217.7
35706,STATEN ISLAND UNIVERSITY HOSPITAL Radiology,Staten Island,1975,Medical Office,Office,100,195.1,3523480.6,3597328.1,485.5,498.8
35707,Dawning: 175 Zoe St,Staten Island,1986,Multifamily Housing,Multifamily,100,80.0,210300.0,1712943.4,153.2,5962.5
35708,100 Colfax Ave - Grant Terrace,Staten Island,1961,Multifamily Housing,Multifamily,90,135.2,10550238.2,2268970.0,748.5,5955.2
35709,145 Lincoln Avenue,Staten Island,1964,Multifamily Housing,Multifamily,100,135.7,10959544.2,2113173.3,757.4,16217.966089617938
35710,Shoprite,Staten Island,1986,Supermarket/Grocery Store,Other,100,365.9615532989144,8221688.8,12768716.5,1495.7,16217.966089617938
35711,Hylan Plaza,Staten Island,1974,Retail Store,Retail,95,145.8,12698874.1,12300057.6,1694.6,16217.966089617938
35712,2712 Hylan Boulevard,Staten Island,1931,Strip Mall,Other,100,112.6,7857901.5,746806.2,479.3,7634.8
35713,0581 New Drop,Staten Island,2001,Supermarket/Grocery Store,Other,100,412.7,3672320.7,9260168.0,963.0,1105358.4
35714,Community Management: 3465 Amboy Road (Child),Staten Island,1984,Multifamily Housing,Multifamily,100,63.5,422300.0,1014414.9,106.6,16217.966089617938
35715,Staten Island - South Shore,Staten Island,1994,Other - Entertainment/Public Assembly,Other,100,347.1,3760639.2,4268926.0,553.8,16217.966089617938
35716,Dome: 119 Cortelyou Ave,Staten Island,1974,Multifamily Housing,Multifamily,100,71.9,24384312.42738699,3745727.7,310.6,16217.966089617938
35717,2513 Staten Island,Staten Island,2001,Supermarket/Grocery Store,Other,100,556.5,4513879.5,5495861.7,695.5,7566.4
35718,"staten island kitchen cabinets mfg, inc",Staten Island,2009,Other,Other,100,50.9,795482.7,1071709.2,131.1,16217.966089617938
35719,St. Joseph by-the-Sea,Staten Island,1963,K-12 School,SpecialPurpose,100,94.1,8345200.1,2734290.1,670.0,16217.966089617938
35720,STATEN ISLAND UNIVERSITY HOSPITAL Seguine,Staten Island,1950,Hospital (General Medical & Surgical),Hospitality,100,636.8,66815614.2,20082283.2,5725.9,9030.6
35721,N001597-S STATEN ISLAND NY,Staten Island,2012,Retail Store,Retail,100,188.5,1020290.0,6655085.9,606.1,1533.1
35722,Amboy Plaza Realty LLC,Staten Island,1993,Supermarket/Grocery Store,Other,100,495.8,1991000.0,11183127.3,1033.2,16217.966089617938
35723,99 Ellis St Realty: 99 Ellis Street,Staten Island,1984,Distribution Center,Other,100,376.4,3175200.1,5050987.7,587.5,1909.8
